No|Fakultas|Jurusan|Kode|Matakuliah|Mahasiswa|Aksi
1|Fakultas Teknik Sipil, Lingkungan, dan Kebumian (FTSLK)|Teknik Lingkungan|PEGUA_1819|Pengendalian Emisi Gas dan Udara Ambien|24|setting
2|Fakultas Teknik Sipil, Lingkungan, dan Kebumian (FTSLK)|Teknik Geomatika|MarinOptik|RG141453 Marin Optik|8|setting
3|Fakultas Teknologi Industri (FTI)|Teknik Fisika|METPEN C|141361 METODOLOGI PENELITIAN C|38|setting
4|Fakultas Teknologi Industri (FTI)|Teknik Industri|Academic Writing|Academic Writing|1|setting
5|Fakultas Teknologi Industri (FTI)|Teknik Industri|AMS|Advanced Manufacturing Systems|6|setting
6|Fakultas Teknologi Industri (FTI)|Teknik Industri|TI1204|Algoritma dan Pemrogaman Komputer (A)|40|setting
7|Fakultas Teknologi Industri (FTI)|Teknik Industri|TI1204D|Algoritma dan Pemrogaman Komputer (D)|37|setting
8|Fakultas Ilmu Alam (FIA)|Fisika|SF091215|Analisis Data Difraksi 2014-15|28|setting
9|Fakultas Teknologi Industri (FTI)|Teknik Industri|Anprod|Analisis Produktivitas|27|setting
10|Fakultas Teknik Sipil, Lingkungan, dan Kebumian (FTSLK)|Teknik Geomatika|RM185101|Applied Statistics and Probability|16|setting
11|Fakultas Teknologi Industri (FTI)|Teknik Fisika|ARTIFICIAL INTELIGENT|ARTIFICIAL INTELIGENT|70|setting
12|Fakultas Ilmu Alam (FIA)|Kimia|Bioassay|Bioassay|5|setting
13|Fakultas Ilmu Alam (FIA)|Biologi|SB 141301|BIOLOGI UMUM|3|setting
14|Sistem Pembelajaran Daring (SPADA) Indonesia|Backup PDITT|Bising-Daring|Bising Lingkungan|115|setting
15|UPT Penyelenggara Mata Kuliah Sosial Humaniora|S1|en-reading-blend|Blended Learning for Reading|46|setting
16|Fakultas Teknologi Industri (FTI)|Teknik Industri|CIM2018|Cost and Investment Management 2018|7|setting
17|Fakultas Teknologi Industri (FTI)|Teknik Fisika|DASAR DASAR CLINICAL ENGINEERING|DASAR DASAR CLINICAL ENGINEERING|1|setting
18|Fakultas Teknologi Informasi dan Komunikasi (FTIK)|Informatika|dasprog-c|Dasar Pemrograman C|37|setting
19|Fakultas Teknologi Informasi dan Komunikasi (FTIK)|Informatika|KI141301|Dasar Pemrograman E|30|setting
20|Fakultas Ilmu Alam (FIA)|Fisika|SF1407 S1|Difraksi Kristal 2 sks - Gasal 2014/2015|3|setting
21|Fakultas Ilmu Alam (FIA)|Fisika|Difraksi Material Fungsional|Difraksi Serbuk Material Fungsional (S3)|5|setting
22|Fakultas Teknologi Industri (FTI)|Teknik Fisika|DINAMIKA SISTEM LANJUT|DINAMIKA SISTEM LANJUT|69|setting
23|Fakultas Teknik Sipil, Lingkungan, dan Kebumian (FTSLK)|Teknik Geomatika|KurikulumGeomatika2018-2023|Dokumen Kurikulum Geomatika 2018-2023|6|setting
24|Fakultas Teknik Sipil, Lingkungan, dan Kebumian (FTSLK)|Teknik Geomatika|Ekivalensi Kurikulum|Ekivalensi Kurikulum Teknik Geomatika ITS|32|setting
25|Fakultas Ilmu Alam (FIA)|Fisika|SF091308|Elektronika Dasar II|33|setting
26|Fakultas Teknologi Kelautan (FTK)|Teknik Perkapalan|MN184101|Engineering Drawing|31|setting
27|Fakultas Ilmu Alam (FIA)|Fisika|SF1353|Fisika Matematika I (B-Suminar Pratapa) Gasal 2014/2015|70|setting
28|Fakultas Ilmu Alam (FIA)|Fisika|SF1342|Fisika Statistik|24|setting
29|Fakultas Teknik Sipil, Lingkungan, dan Kebumian (FTSLK)|Teknik Geomatika|Form Progress TA|Form Kemajuan Pelaksanaan Tugas Akhir|76|setting
30|Fakultas Teknik Sipil, Lingkungan, dan Kebumian (FTSLK)|Teknik Geomatika|proposal TA|Form Pendaftaran Proposal Tugas Akhir|166|setting
31|Fakultas Teknik Sipil, Lingkungan, dan Kebumian (FTSLK)|Teknik Geomatika|Form Seminar TA|Form Pendaftaran Seminar Tugas Akhir|154|setting
32|Fakultas Teknik Sipil, Lingkungan, dan Kebumian (FTSLK)|Teknik Geomatika|Form TA|Form Pendaftaran Sidang Tugas Akhir|144|setting
33|Fakultas Teknik Sipil, Lingkungan, dan Kebumian (FTSLK)|Teknik Geomatika|Data TA - RM184831|Form Permohonan Data TUGAS AKHIR|1|setting
34|Fakultas Ilmu Alam (FIA)|Biologi|SB 141321|GENETIKA|1|setting
35|Fakultas Teknologi Kelautan (FTK)|Teknik Sistem Perkapalan|ME141315|GETARAN SISTEM PERMESINAN|20|setting
36|Fakultas Teknologi Informasi dan Komunikasi (FTIK)|Informatika|KI141321|Grafika Komputer C|31|setting
37|Fakultas Teknologi Informasi dan Komunikasi (FTIK)|Informatika|KI141321E|Grafika Komputer E|20|setting
38|Fakultas Teknologi Industri (FTI)|Teknik Fisika|ISS2|IDENTIFIKASI SISTEM|34|setting
39|Fakultas Teknologi Industri (FTI)|Teknik Fisika|IG-091311|IG-091311 Pengantar Technopreneurship|15|setting
40|Fakultas Teknologi Industri (FTI)|Teknik Fisika|INSTRUMENTASI LANJUT|INSTRUMENTASI LANJUT|21|setting
41|Fakultas Teknologi Industri (FTI)|Teknik Industri|IMS|Integrated Manufacturing Systems|1|setting
42|Fakultas Teknologi Informasi dan Komunikasi (FTIK)|Informatika|KI141326-C|Interaksi Manusia dan Komputer (C)|30|setting
43|Fakultas Teknologi Informasi dan Komunikasi (FTIK)|Informatika|KI141326-D|Interaksi Manusia dan Komputer (D)|25|setting
44|Fakultas Teknologi Informasi dan Komunikasi (FTIK)|Sistem Informasi|Infrastruktur Teknologi dan Sistem Informasi|IS185101 - Infrastruktur Teknologi dan Sistem Informasi|16|setting
45|Fakultas Teknologi Informasi dan Komunikasi (FTIK)|Sistem Informasi|Pengembangan dan Penerapan Sistem|IS185102 - Pengembangan dan Penerapan Sistem|16|setting
46|Fakultas Teknologi Informasi dan Komunikasi (FTIK)|Sistem Informasi|Manajemen dan Operasional Sistem Informasi|IS185103 - Manajemen dan Operasional Sistem Informasi|16|setting
47|Fakultas Teknologi Informasi dan Komunikasi (FTIK)|Sistem Informasi|Manajemen Data dan Informasi|IS185104 - Manajemen Data dan Informasi|24|setting
48|Fakultas Teknologi Informasi dan Komunikasi (FTIK)|Sistem Informasi|IS185201-Metodologi Penelitian|IS185201 - Metodologi Penelitian|7|setting
49|Fakultas Teknologi Informasi dan Komunikasi (FTIK)|Sistem Informasi|Manajemen Strategis Sistem Informasi|IS185202 - Manajemen Strategis Sistem Informasi|24|setting
50|Fakultas Teknologi Informasi dan Komunikasi (FTIK)|Sistem Informasi|Topik Dalam Integrasi Data|IS185905 - Topik Dalam Integrasi Data|2|setting
51|Fakultas Teknologi Informasi dan Komunikasi (FTIK)|Sistem Informasi|Topik Dalam Semantic Web|IS185906 - Topik Dalam Semantic Web|1|setting
52|Fakultas Teknologi Informasi dan Komunikasi (FTIK)|Sistem Informasi|Topik Dalam Pemodelan dan Simulasi Sistem|IS185910 - Topik Dalam Pemodelan dan Simulasi Sistem|13|setting
53|Fakultas Teknologi Informasi dan Komunikasi (FTIK)|Sistem Informasi|Topik dalam Sistem Dinamik dan Aplikasinya di Berbagai Bidang|IS185911 - Topik dalam Sistem Dinamik dan Aplikasinya di Berbagai Bidang|15|setting
54|Fakultas Teknologi Informasi dan Komunikasi (FTIK)|Sistem Informasi|Topik Dalam Sistem Enterprise|IS185912 - Topik Dalam Sistem Enterprise|20|setting
55|Fakultas Teknologi Informasi dan Komunikasi (FTIK)|Sistem Informasi|Logika & Struktur Diskrit [ABC]|IS4101 - Logika & Struktur Diskrit [A][B][C]|114|setting
56|Fakultas Teknologi Informasi dan Komunikasi (FTIK)|Sistem Informasi|Logika & Struktur Diskrit [D]|IS4101 - Logika & Struktur Diskrit [D]|48|setting
57|Fakultas Teknologi Informasi dan Komunikasi (FTIK)|Sistem Informasi|Konsep SI [A]|IS4102 - Konsep SI [A]|22|setting
58|Fakultas Teknologi Informasi dan Komunikasi (FTIK)|Sistem Informasi|Konsep SI [B]|IS4102 - Konsep SI [B]|14|setting
59|Fakultas Teknologi Informasi dan Komunikasi (FTIK)|Sistem Informasi|Konsep SI [C]|IS4102 - Konsep SI [C]|18|setting
60|Fakultas Teknologi Informasi dan Komunikasi (FTIK)|Sistem Informasi|Konsep SI [D]|IS4102 - Konsep SI [D]|9|setting
61|Fakultas Teknologi Informasi dan Komunikasi (FTIK)|Sistem Informasi|Algoritma & Pemrograman [A]|IS4203 - Algoritma & Pemrograman [A]|23|setting
62|Fakultas Teknologi Informasi dan Komunikasi (FTIK)|Sistem Informasi|Statistika [A]|IS4305 - Statistika [A]|41|setting
63|Fakultas Teknologi Informasi dan Komunikasi (FTIK)|Sistem Informasi|Statistika [B]|IS4305 - Statistika [B]|28|setting
64|Fakultas Teknologi Informasi dan Komunikasi (FTIK)|Sistem Informasi|Statistika [C]|IS4305 - Statistika [C]|16|setting
65|Fakultas Teknologi Informasi dan Komunikasi (FTIK)|Sistem Informasi|Pemrograman Web [A]|IS4307 - Pemrograman Web [A]|39|setting
66|Fakultas Teknologi Informasi dan Komunikasi (FTIK)|Sistem Informasi|Pemrograman Web [B]|IS4307 - Pemrograman Web [B]|36|setting
67|Fakultas Teknologi Informasi dan Komunikasi (FTIK)|Sistem Informasi|Pemrograman Web [C]|IS4307 - Pemrograman Web [C]|36|setting
68|Fakultas Teknologi Informasi dan Komunikasi (FTIK)|Sistem Informasi|Pemrograman Web [D]|IS4307 - Pemrograman Web [D]|32|setting
69|Fakultas Teknologi Informasi dan Komunikasi (FTIK)|Sistem Informasi|Manajemen & Proses TI|IS4308 - Manajemen & Proses TI|33|setting
70|Fakultas Teknologi Informasi dan Komunikasi (FTIK)|Sistem Informasi|Rekayasa Kebutuhan Perangkat Lunak [A]|IS4309 - Rekayasa Kebutuhan Perangkat Lunak [A]|43|setting
71|Fakultas Teknologi Informasi dan Komunikasi (FTIK)|Sistem Informasi|Rekayasa Kebutuhan Perangkat Lunak [B]|IS4309 - Rekayasa Kebutuhan Perangkat Lunak [B]|36|setting
72|Fakultas Teknologi Informasi dan Komunikasi (FTIK)|Sistem Informasi|Rekayasa Kebutuhan Perangkat Lunak [C]|IS4309 - Rekayasa Kebutuhan Perangkat Lunak [C]|37|setting
73|Fakultas Teknologi Informasi dan Komunikasi (FTIK)|Sistem Informasi|Rekayasa Kebutuhan Perangkat Lunak [D]|IS4309 - Rekayasa Kebutuhan Perangkat Lunak [D]|22|setting
74|Fakultas Teknologi Informasi dan Komunikasi (FTIK)|Sistem Informasi|Manajemen Proses Bisnis [A][D]|IS4310 - Manajemen Proses Bisnis [A][D]|63|setting
75|Fakultas Teknologi Informasi dan Komunikasi (FTIK)|Sistem Informasi|Manajemen Proses Bisnis [B][C]|IS4310 - Manajemen Proses Bisnis [B][C]|53|setting
76|Fakultas Teknologi Informasi dan Komunikasi (FTIK)|Sistem Informasi|Manajemen Proyek TI [A]|IS4413 - Manajemen Proyek TI [A]|5|setting
77|Fakultas Teknologi Informasi dan Komunikasi (FTIK)|Sistem Informasi|Riset Operasi [A]|IS4515 - Riset Operasi [A]|5|setting
78|Fakultas Teknologi Informasi dan Komunikasi (FTIK)|Sistem Informasi|Riset Operasi [B]|IS4515 - Riset Operasi [B]|37|setting
79|Fakultas Teknologi Informasi dan Komunikasi (FTIK)|Sistem Informasi|Riset Operasi [C]|IS4515 - Riset Operasi [C]|18|setting
80|Fakultas Teknologi Informasi dan Komunikasi (FTIK)|Sistem Informasi|Riset Operasi [D]|IS4515 - Riset Operasi [D]|19|setting
81|Fakultas Teknologi Informasi dan Komunikasi (FTIK)|Sistem Informasi|Kecerdasan Bisnis [A]|IS4516 - Kecerdasan Bisnis [A]|8|setting
82|Fakultas Teknologi Informasi dan Komunikasi (FTIK)|Sistem Informasi|Kecerdasan Bisnis [B]|IS4516 - Kecerdasan Bisnis [B]|3|setting
83|Fakultas Teknologi Informasi dan Komunikasi (FTIK)|Sistem Informasi|Kecerdasan Bisnis [C]|IS4516 - Kecerdasan Bisnis [C]|5|setting
84|Fakultas Teknologi Informasi dan Komunikasi (FTIK)|Sistem Informasi|Kecerdasan Bisnis [D]|IS4516 - Kecerdasan Bisnis [D]|4|setting
85|Fakultas Teknologi Informasi dan Komunikasi (FTIK)|Sistem Informasi|Kecerdasan Bisnis [E]|IS4516 - Kecerdasan Bisnis [E]|6|setting
86|Fakultas Teknologi Informasi dan Komunikasi (FTIK)|Sistem Informasi|Kecerdasan Bisnis [F]|IS4516 - Kecerdasan Bisnis [F]|9|setting
87|Fakultas Teknologi Informasi dan Komunikasi (FTIK)|Sistem Informasi|Kecerdasan Bisnis [G]|IS4516 - Kecerdasan Bisnis [G]|4|setting
88|Fakultas Teknologi Informasi dan Komunikasi (FTIK)|Sistem Informasi|Manajemen Layanan TI [A]|IS4517 - Manajemen Layanan TI [A]|37|setting
89|Fakultas Teknologi Informasi dan Komunikasi (FTIK)|Sistem Informasi|Manajemen Layanan TI [B]|IS4517 - Manajemen Layanan TI [B]|9|setting
90|Fakultas Teknologi Informasi dan Komunikasi (FTIK)|Sistem Informasi|Manajemen Layanan TI [C]|IS4517 - Manajemen Layanan TI [C]|47|setting
91|Fakultas Teknologi Informasi dan Komunikasi (FTIK)|Sistem Informasi|Implementasi Perangkat Lunak [A]|IS4518 - Implementasi Perangkat Lunak [A]|5|setting
92|Fakultas Teknologi Informasi dan Komunikasi (FTIK)|Sistem Informasi|Implementasi Perangkat Lunak [B]|IS4518 - Implementasi Perangkat Lunak [B]|11|setting
93|Fakultas Teknologi Informasi dan Komunikasi (FTIK)|Sistem Informasi|Implementasi Perangkat Lunak [C]|IS4518 - Implementasi Perangkat Lunak [C]|7|setting
94|Fakultas Teknologi Informasi dan Komunikasi (FTIK)|Sistem Informasi|Implementasi Perangkat Lunak [D]|IS4518 - Implementasi Perangkat Lunak [D]|3|setting
95|Fakultas Teknologi Informasi dan Komunikasi (FTIK)|Sistem Informasi|Perencanaan strategis TI [A]|IS4519 - Perencanaan strategis TI [A]|4|setting
96|Fakultas Teknologi Informasi dan Komunikasi (FTIK)|Sistem Informasi|Perencanaan strategis TI [B]|IS4519 - Perencanaan strategis TI [B]|3|setting
97|Fakultas Teknologi Informasi dan Komunikasi (FTIK)|Sistem Informasi|Perencanaan strategis TI [C]|IS4519 - Perencanaan strategis TI [C]|2|setting
98|Fakultas Teknologi Informasi dan Komunikasi (FTIK)|Sistem Informasi|Perencanaan strategis TI [D]|IS4519 - Perencanaan strategis TI [D]|4|setting
99|Fakultas Teknologi Informasi dan Komunikasi (FTIK)|Sistem Informasi|Perencanaan strategis TI [E]|IS4519 - Perencanaan strategis TI [E]|4|setting
100|Fakultas Teknologi Informasi dan Komunikasi (FTIK)|Sistem Informasi|Perencanaan strategis TI [F]|IS4519 - Perencanaan strategis TI [F]|10|setting
101|Fakultas Teknologi Informasi dan Komunikasi (FTIK)|Sistem Informasi|Perencanaan strategis TI [G]|IS4519 - Perencanaan strategis TI [G]|8|setting
102|Fakultas Teknologi Informasi dan Komunikasi (FTIK)|Sistem Informasi|Rintisan Bisnis Digital [A]|IS4625 - Rintisan Bisnis Digital [A]|29|setting
103|Fakultas Teknologi Informasi dan Komunikasi (FTIK)|Sistem Informasi|Rintisan Bisnis Digital [B]|IS4625 - Rintisan Bisnis Digital [B]|38|setting
104|Fakultas Teknologi Informasi dan Komunikasi (FTIK)|Sistem Informasi|Pra TA [A]|IS4726 - Pra TA [A]|12|setting
105|Fakultas Teknologi Informasi dan Komunikasi (FTIK)|Sistem Informasi|Evaluasi dan Audit TI|IS4727 - Evaluasi dan Audit TI|64|setting
106|Fakultas Teknologi Informasi dan Komunikasi (FTIK)|Sistem Informasi|Etika Profesi TI [A]|IS4728 - Etika Profesi TI [A]|3|setting
107|Fakultas Teknologi Informasi dan Komunikasi (FTIK)|Sistem Informasi|Etika Profesi TI [B]|IS4728 - Etika Profesi TI [B]|7|setting
108|Fakultas Teknologi Informasi dan Komunikasi (FTIK)|Sistem Informasi|Etika Profesi TI [Q]|IS4728 - Etika Profesi TI [Q]|4|setting
109|Fakultas Teknologi Informasi dan Komunikasi (FTIK)|Sistem Informasi|Teknologi Basis Data [A]|IS4929 - Teknologi Basis Data [A]|5|setting
110|Fakultas Teknologi Informasi dan Komunikasi (FTIK)|Sistem Informasi|Pengolahan Bahasa Alami [A]|IS4931 - Pengolahan Bahasa Alami [A]|33|setting
111|Fakultas Teknologi Informasi dan Komunikasi (FTIK)|Sistem Informasi|Teknologi Bergerak [A]|IS4933 - Teknologi Bergerak [A]|31|setting
112|Fakultas Teknologi Informasi dan Komunikasi (FTIK)|Sistem Informasi|Internet untuk Segala [A]|IS4934 - Internet untuk Segala [A]|5|setting
113|Fakultas Teknologi Informasi dan Komunikasi (FTIK)|Sistem Informasi|Forensika Digital [A]|IS4935 - Forensika Digital [A]|1|setting
114|Fakultas Teknologi Informasi dan Komunikasi (FTIK)|Sistem Informasi|Keamanan Siber [A]|IS4936 - Keamanan Siber [A]|4|setting
115|Fakultas Teknologi Informasi dan Komunikasi (FTIK)|Sistem Informasi|Manajemen Keberlangsungan Bisnis [A]|IS4940 - Manajemen Keberlangsungan Bisnis [A]|4|setting
116|Fakultas Teknologi Informasi dan Komunikasi (FTIK)|Sistem Informasi|Penggalian Data [A]|IS4943 - Penggalian Data [A]|4|setting
117|Fakultas Teknologi Informasi dan Komunikasi (FTIK)|Sistem Informasi|Optimasi Kombinatorik & Heuristik [A]|IS4944 - Optimasi Kombinatorik & Heuristik [A]|38|setting
118|Fakultas Teknologi Informasi dan Komunikasi (FTIK)|Sistem Informasi|Manajemen Hubungan Pelanggan [A]|IS4946 - Manajemen Hubungan Pelanggan [A]|5|setting
119|Fakultas Teknologi Informasi dan Komunikasi (FTIK)|Sistem Informasi|Sistem Keputusan Berbasis Model [A]|IS4947 - Sistem Keputusan Berbasis Model [A]|16|setting
120|Fakultas Teknologi Informasi dan Komunikasi (FTIK)|Sistem Informasi|Kreatif Digital [A]|IS4949 - Kreatif Digital [A]|2|setting
121|Fakultas Teknologi Informasi dan Komunikasi (FTIK)|Sistem Informasi|Sistem Basis Data [A]|IW4301 - Sistem Basis Data [A]|36|setting
122|Fakultas Teknologi Informasi dan Komunikasi (FTIK)|Sistem Informasi|Sistem Basis Data [B]|IW4301 - Sistem Basis Data [B]|18|setting
123|Fakultas Teknologi Informasi dan Komunikasi (FTIK)|Sistem Informasi|Sistem Basis Data [C]|IW4301 - Sistem Basis Data [C]|21|setting
124|Fakultas Teknologi Informasi dan Komunikasi (FTIK)|Sistem Informasi|Sistem Basis Data [D]|IW4301 - Sistem Basis Data [D]|16|setting
125|Fakultas Teknik Sipil, Lingkungan, dan Kebumian (FTSLK)|Teknik Geomatika|Jadwal TA|Jadwal Kegiatan Tugas Akhir|43|setting
126|Fakultas Teknologi Industri (FTI)|Teknik Fisika|KALII|KALKULUS II|207|setting
127|Fakultas Teknologi Industri (FTI)|Teknik Material dan Metalurgi|KM|karakterisasi material|28|setting
128|Fakultas Teknologi Industri (FTI)|Teknik Fisika|KEANDALAN DAN KUALITAS PROSES BU AULIA|KEANDALAN DAN KUALITAS PROSES BU AULIA|104|setting
129|Fakultas Teknologi Industri (FTI)|Teknik Industri|K3 - Industri|Keselamatan dan Kesehatan Kerja Industri|34|setting
130|Sistem Pembelajaran Daring (SPADA) Indonesia|none|TK141223_KA|Kimia Analisa|143|setting
131|Fakultas Teknologi Industri (FTI)|Teknik Kimia|KA|KIMIA ANALISA A|10|setting
132|Fakultas Teknologi Industri (FTI)|Teknik Kimia|KF|Kimia Fisika - TK141334 - 4 SKS (2/1/1)|84|setting
133|Fakultas Ilmu Alam (FIA)|Kimia|Kimia Medisinal|Kimia Medisinal|8|setting
134|Fakultas Ilmu Alam (FIA)|Kimia|KMS1|Kimia Membran (S1)|5|setting
135|Fakultas Ilmu Alam (FIA)|Kimia|KMS2|Kimia Membran (S2)|12|setting
136|Fakultas Ilmu Alam (FIA)|Kimia|KMA|Kimia Minyak Atsiri|8|setting
137|Fakultas Ilmu Alam (FIA)|Kimia|KOb|Kimia Obat|9|setting
138|Fakultas Ilmu Alam (FIA)|Kimia|koba|Kimia Organik Bahan Alam|19|setting
139|Fakultas Ilmu Alam (FIA)|Kimia|KOI|Kimia Organik I|79|setting
140|Fakultas Teknologi Industri (FTI)|Teknik Kimia|TK141222|Kimia Organik I kelas D|74|setting
141|Fakultas Teknologi Industri (FTI)|Teknik Kimia|KOII|KIMIA ORGANIK II|26|setting
142|Fakultas Ilmu Alam (FIA)|Kimia|KPn|Kimia Pangan|8|setting
143|Fakultas Teknologi Kelautan (FTK)|Teknik Kelautan|MO141200|Kimia Rekayasa|44|setting
144|Fakultas Teknologi Industri (FTI)|Teknik Mesin|TM4309|Kinematika Dinamika Teknik Kelas C|4|setting
145|Fakultas Teknologi Industri (FTI)|Teknik Kimia|KNT|Komputasi Numerik Terapan|41|setting
146|Fakultas Teknologi Industri (FTI)|Teknik Fisika|KOLS2|KONTROL OTOMATIK LANJUT|22|setting
147|Fakultas Teknik Sipil, Lingkungan, dan Kebumian (FTSLK)|Teknik Lingkungan|KMPFisKim_1819|Konversi Massa Pencemar Secara Fisik dan Kimiawi|14|setting
148|Sistem Pembelajaran Daring (SPADA) Indonesia|none|Statistika_1_1|KS091207 - Statistika|218|setting
149|Sistem Pembelajaran Daring (SPADA) Indonesia|none|KS091303-Daring|KS091303 Sistem Operasi|163|setting
150|Sistem Pembelajaran Daring (SPADA) Indonesia|none|Pemantauan dan Evaluasi TI_1_1|KS091325 - Pemantauan dan Evaluasi TI|148|setting
151|Fakultas Teknologi Informasi dan Komunikasi (FTIK)|Sistem Informasi|52100KS1412032014|KS141203 - Matematika Diskrit|12|setting
152|Fakultas Teknologi Informasi dan Komunikasi (FTIK)|Sistem Informasi|52100KS1412042014|KS141204 - Bahasa Pemrograman|10|setting
153|Fakultas Teknologi Informasi dan Komunikasi (FTIK)|Sistem Informasi|52100KS1412052014C|KS141205 - Algoritma dan Struktur Data C|33|setting
154|Fakultas Teknologi Informasi dan Komunikasi (FTIK)|Sistem Informasi|52100KS1412052014D|KS141205 - Algoritma dan Struktur Data D|8|setting
155|Fakultas Teknologi Informasi dan Komunikasi (FTIK)|Sistem Informasi|52100KS1412052014A|KS141205 - Algoritma dan Struktur Data A|22|setting
156|Fakultas Teknologi Informasi dan Komunikasi (FTIK)|Sistem Informasi|52100KS1412052014B|KS141205 - Algoritma dan Struktur Data B|29|setting
157|Fakultas Teknologi Informasi dan Komunikasi (FTIK)|Sistem Informasi|52100KS141206A|KS141206 - Pengantar Sistem Operasi A|44|setting
158|Fakultas Teknologi Informasi dan Komunikasi (FTIK)|Sistem Informasi|52100KS141206B|KS141206 - Pengantar Sistem Operasi B|32|setting
159|Fakultas Teknologi Informasi dan Komunikasi (FTIK)|Sistem Informasi|52100KS1412062014A|KS141206 - Pengantar Sistem Operasi C|40|setting
160|Fakultas Teknologi Informasi dan Komunikasi (FTIK)|Sistem Informasi|52100KS1412062014D|KS141206 - Pengantar Sistem Operasi D|30|setting
161|Fakultas Teknologi Informasi dan Komunikasi (FTIK)|Sistem Informasi|52100KS1412072014A|KS141207 - Arsitektur SI/TI Perusahaan A|19|setting
162|Fakultas Teknologi Informasi dan Komunikasi (FTIK)|Sistem Informasi|52100KS1412072014B|KS141207 - Arsitektur SI/TI Perusahaan B|22|setting
163|Fakultas Teknologi Informasi dan Komunikasi (FTIK)|Sistem Informasi|52100KS1412072014C|KS141207 - Arsitektur SI/TI Perusahaan C|9|setting
164|Fakultas Teknologi Informasi dan Komunikasi (FTIK)|Sistem Informasi|52100KS1412072014D|KS141207 - Arsitektur SI/TI Perusahaan D|14|setting
165|Fakultas Teknologi Informasi dan Komunikasi (FTIK)|Sistem Informasi|KKI|KS141208 - Kepemimpinan dan Ketrampilan Interpersonal|139|setting
166|Fakultas Teknologi Informasi dan Komunikasi (FTIK)|Sistem Informasi|52100KS1412092014A|KS141209 - Statistika A|42|setting
167|Fakultas Teknologi Informasi dan Komunikasi (FTIK)|Sistem Informasi|52100KS1412092014B|KS141209 - Statistika B|25|setting
168|Fakultas Teknologi Informasi dan Komunikasi (FTIK)|Sistem Informasi|52100KS1412102014A|KS141210 - Tata Tulis Ilmiah A|22|setting
169|Fakultas Teknologi Informasi dan Komunikasi (FTIK)|Sistem Informasi|52100KS1412102014B|KS141210 - Tata Tulis Ilmiah B|23|setting
170|Fakultas Teknologi Informasi dan Komunikasi (FTIK)|Sistem Informasi|52100KS1412102014C|KS141210 - Tata Tulis Ilmiah C|20|setting
171|Fakultas Teknologi Informasi dan Komunikasi (FTIK)|Sistem Informasi|52100KS1412102014D|KS141210 - Tata Tulis Ilmiah D|15|setting
172|Fakultas Teknologi Informasi dan Komunikasi (FTIK)|Sistem Informasi|52100KS1413062014A|KS141306 - Analisis dan Desain Perangkat Lunak A|39|setting
173|Fakultas Teknologi Informasi dan Komunikasi (FTIK)|Sistem Informasi|52100KS1413062014B|KS141306 - Analisis dan Desain Perangkat Lunak B|24|setting
174|Fakultas Teknologi Informasi dan Komunikasi (FTIK)|Sistem Informasi|52100KS1413062014C|KS141306 - Analisis dan Desain Perangkat Lunak C|27|setting
175|Fakultas Teknologi Informasi dan Komunikasi (FTIK)|Sistem Informasi|52100KS1413062014D|KS141306 - Analisis dan Desain Perangkat Lunak D|41|setting
176|Fakultas Teknologi Informasi dan Komunikasi (FTIK)|Sistem Informasi|52100KS1413072014A|KS141307 - Interaksi Manusia dan Komputer A|39|setting
177|Fakultas Teknologi Informasi dan Komunikasi (FTIK)|Sistem Informasi|52100KS1413072014B|KS141307 - Interaksi Manusia dan Komputer B|36|setting
178|Fakultas Teknologi Informasi dan Komunikasi (FTIK)|Sistem Informasi|52100KS1413072014C|KS141307 - Interaksi Manusia dan Komputer C|27|setting
179|Fakultas Teknologi Informasi dan Komunikasi (FTIK)|Sistem Informasi|52100KS1413072014D|KS141307 - Interaksi Manusia dan Komputer D|23|setting
180|Fakultas Teknologi Informasi dan Komunikasi (FTIK)|Sistem Informasi|52100KS1413082014|KS141308 - Keamanan Aset Informasi|148|setting
181|Fakultas Teknologi Informasi dan Komunikasi (FTIK)|Sistem Informasi|52100KS1413092014A|KS141309 - Desain Basis Data A|31|setting
182|Fakultas Teknologi Informasi dan Komunikasi (FTIK)|Sistem Informasi|52100KS1413092014B|KS141309 - Desain Basis Data B|38|setting
183|Fakultas Teknologi Informasi dan Komunikasi (FTIK)|Sistem Informasi|52100KS1413092014D|KS141309 - Desain Basis Data D|37|setting
184|Fakultas Teknologi Informasi dan Komunikasi (FTIK)|Sistem Informasi|52100KS1413092014C|KS141309 - Desain Basis Data C|34|setting
185|Fakultas Teknologi Informasi dan Komunikasi (FTIK)|Sistem Informasi|52100KS1413102014B|KS141310 - Pemrograman Berbasis Web B|25|setting
186|Fakultas Teknologi Informasi dan Komunikasi (FTIK)|Sistem Informasi|52100KS1413102014A|KS141310 - Pemrograman Berbasis Web A|42|setting
187|Fakultas Teknologi Informasi dan Komunikasi (FTIK)|Sistem Informasi|52100KS1413102014C|KS141310 - Pemrograman Berbasis Web C|29|setting
188|Fakultas Teknologi Informasi dan Komunikasi (FTIK)|Sistem Informasi|52100KS1413102014D|KS141310 - Pemrograman Berbasis Web D|35|setting
189|Fakultas Teknologi Informasi dan Komunikasi (FTIK)|Sistem Informasi|52100KS1413112014|KS141311 - Konstruksi dan Pengujian Perangkat Lunak|2|setting
190|Fakultas Teknologi Informasi dan Komunikasi (FTIK)|Sistem Informasi|52100KS1413122014C|KS141312 - Manajemen Proyek TI C|50|setting
191|Fakultas Teknologi Informasi dan Komunikasi (FTIK)|Sistem Informasi|52100KS1413122014D|KS141312 - Manajemen Proyek TI D|43|setting
192|Sistem Pembelajaran Daring (SPADA) Indonesia|none|KS141314-Daring|KS141314 Perencanaan Sumber Daya Perusahaan|22|setting
193|Fakultas Teknologi Informasi dan Komunikasi (FTIK)|Sistem Informasi|52100KS1413162014|KS141316 - Manajemen Layanan TI|4|setting
194|Fakultas Teknologi Informasi dan Komunikasi (FTIK)|Sistem Informasi|52100KS1413172014_|KS141317 - Tata Kelola TI|100|setting
195|Fakultas Teknologi Informasi dan Komunikasi (FTIK)|Sistem Informasi|52100KS1413182014A|KS141318 - Manajemen Resiko TI A|31|setting
196|Fakultas Teknologi Informasi dan Komunikasi (FTIK)|Sistem Informasi|52100KS1413182014B|KS141318 - Manajemen Resiko TI B|42|setting
197|Fakultas Teknologi Informasi dan Komunikasi (FTIK)|Sistem Informasi|52100KS1413182014D|KS141318 - Manajemen Resiko TI D|33|setting
198|Fakultas Teknologi Informasi dan Komunikasi (FTIK)|Sistem Informasi|52100KS1413182014C|KS141318 - Manajemen Resiko TI C|41|setting
199|Fakultas Teknologi Informasi dan Komunikasi (FTIK)|Sistem Informasi|52100KS1413192014A|KS141319 - Manajemen Pengadaan dan Investasi TI A|22|setting
200|Fakultas Teknologi Informasi dan Komunikasi (FTIK)|Sistem Informasi|52100KS1413192014B|KS141319 - Manajemen Pengadaan dan Investasi TI B|64|setting
201|Fakultas Teknologi Informasi dan Komunikasi (FTIK)|Sistem Informasi|52100KS1413202014AB|KS141320 - Manajemen Rantai Pasok dan Hubungan Pelanggan A&B|76|setting
202|Fakultas Teknologi Informasi dan Komunikasi (FTIK)|Sistem Informasi|52100KS1413202014D|KS141320 - Manajemen Rantai Pasok dan Hubungan Pelanggan C&D|82|setting
203|Fakultas Teknologi Informasi dan Komunikasi (FTIK)|Sistem Informasi|Pengukuran Kinerja dan Evaluasi TI_1|KS141322 - Pengukuran Kinerja dan Evaluasi TI copy 1|166|setting
204|Fakultas Teknologi Informasi dan Komunikasi (FTIK)|Sistem Informasi|SC|KS141322 - Sistem Cerdas|2|setting
205|Fakultas Teknologi Informasi dan Komunikasi (FTIK)|Sistem Informasi|52100KS1413222014C|KS141322 - Sistem Cerdas C|17|setting
206|Fakultas Teknologi Informasi dan Komunikasi (FTIK)|Sistem Informasi|52100KS1413232014_|KS141323 - Pengukuran Kinerja dan Evaluasi TI|42|setting
207|Fakultas Teknologi Informasi dan Komunikasi (FTIK)|Sistem Informasi|52100KS1413252014A|KS141325 - Etika Profesi SI A|15|setting
208|Fakultas Teknologi Informasi dan Komunikasi (FTIK)|Sistem Informasi|52100KS1413252014Q|KS141325 - Etika Profesi SI Q|7|setting
209|Fakultas Teknologi Informasi dan Komunikasi (FTIK)|Sistem Informasi|52100KS1414012014A|KS141401 - Sistem Pendukung Keputusan A|5|setting
210|Fakultas Teknologi Informasi dan Komunikasi (FTIK)|Sistem Informasi|52100KS1414022014|KS141402 - Penggalian Data dan Anallitika Bisnis|2|setting
211|Fakultas Teknologi Informasi dan Komunikasi (FTIK)|Sistem Informasi|52100KS141403AM|KS141403 - Riset Operasi Lanjut|30|setting
212|Fakultas Teknologi Informasi dan Komunikasi (FTIK)|Sistem Informasi|52100KS1414042014_|KS141404 - Teknik Peramalan|23|setting
213|Fakultas Teknologi Informasi dan Komunikasi (FTIK)|Sistem Informasi|52100KS1414052014|KS141405 - Pemrograman Perangkat Bergerak|1|setting
214|Fakultas Teknologi Informasi dan Komunikasi (FTIK)|Sistem Informasi|52100KS1414072014|KS141407 - Pemrograman Integratif|1|setting
215|Fakultas Teknologi Informasi dan Komunikasi (FTIK)|Sistem Informasi|52100KS1414132014_|KS141413 - Manajemen Kualitas SI/TI|18|setting
216|Fakultas Teknologi Informasi dan Komunikasi (FTIK)|Sistem Informasi|52200KS1423042018|KS142304 - Sistem Manajemen Basis Data (Genap 2018)|31|setting
217|Fakultas Teknologi Informasi dan Komunikasi (FTIK)|Sistem Informasi|52200KS1423062014_|KS142306 - Strategi dan Kebijakan SI/TI|12|setting
218|Sistem Pembelajaran Daring (SPADA) Indonesia|none|MBD_1|Manajemen Basis Data|6|setting
219|Fakultas Teknologi Industri (FTI)|Teknik Industri|Manbi|Manajemen Biaya dan Investasi|24|setting
220|Sistem Pembelajaran Daring (SPADA) Indonesia|none|MRT_1|Manajemen Resiko Teknologi Informasi|37|setting
221|Fakultas Teknologi Kelautan (FTK)|Teknik Sistem Perkapalan|CFD|MARINE CFD|45|setting
222|Fakultas Teknologi Informasi dan Komunikasi (FTIK)|Informatika|KI141302|Matematika Diskrit|36|setting
223|Fakultas Teknologi Industri (FTI)|Teknik Kimia|Matekim 1|Matematika Teknik Kimia 1C|51|setting
224|Fakultas Teknik Sipil, Lingkungan, dan Kebumian (FTSLK)|Teknik Geomatika|GM123456 - MKT|Materi Kuliah Tamu|34|setting
225|Fakultas Teknologi Kelautan (FTK)|Teknik Sistem Perkapalan|ME184101-DD|ME184101-ENGINEERING DRAWING & CAD|59|setting
226|Fakultas Teknologi Kelautan (FTK)|Teknik Sistem Perkapalan|ME184101|ME184101-MENGGAMBAR TEKNIK dan CAD|123|setting
227|Fakultas Teknologi Kelautan (FTK)|Teknik Sistem Perkapalan|ME4306|ME4306-ELEKTRONIKA KAPAL|50|setting
228|Fakultas Teknologi Kelautan (FTK)|Teknik Sistem Perkapalan|MEKFLU|MEKANIKA FLUIDA|36|setting
229|Fakultas Ilmu Alam (FIA)|Fisika|SF092003 S2|Mekanika Statistik (S2) - (Suminar Pratapa, Ph.D)|20|setting
230|Fakultas Teknologi Kelautan (FTK)|Teknik Sistem Perkapalan|ME141302|MEKANIKA TEKNIK|42|setting
231|Fakultas Teknologi Kelautan (FTK)|Teknik Kelautan|Mtk|Menggambar Teknik|1|setting
232|Fakultas Teknologi Industri (FTI)|Teknik Mesin|TM142302|Metode Elemen Hingga|5|setting
233|Sistem Pembelajaran Daring (SPADA) Indonesia|2014-2015 Gasal|MKB-Daring|Metode Kuantitafif dan Bisnis|301|setting
234|Sistem Pembelajaran Daring (SPADA) Indonesia|none|metnum|Metode Numerik|121|setting
235|Fakultas Ilmu Alam (FIA)|Fisika|SF092004|Metode Riset Fisika 2013/2014 (Suminar Pratapa, Ph.D)|64|setting
236|Fakultas Teknologi Industri (FTI)|Teknik Kimia|TK144441|METODOLOGI PENELITIAN|3|setting
237|Fakultas Teknologi Industri (FTI)|Teknik Fisika|MET PEN AULIA|METODOLOGI PENELITIAN DAN PROPOSAL TESIS S2|46|setting
238|Fakultas Teknologi Industri (FTI)|Teknik Fisika|METPEN & RISET|METODOLOGI PENELITIAN DAN RISET ILMIAH - S3|6|setting
239|Fakultas Ilmu Alam (FIA)|Kimia|MR(S3-Kimia)|Metodologi Riset (S3)|1|setting
240|Fakultas Teknologi Industri (FTI)|Teknik Kimia|TK 141223|MK. KIMIA ANALISA (C)|66|setting
241|Fakultas Teknik Sipil, Lingkungan, dan Kebumian (FTSLK)|Teknik Lingkungan|MDPUTL_1819|Model Dispersi Pencemar Udara|22|setting
242|Fakultas Teknik Sipil, Lingkungan, dan Kebumian (FTSLK)|Teknik Geomatika|Open Talk TA|Open Talk Tugas Akhir|22|setting
243|Fakultas Teknologi Industri (FTI)|Teknik Kimia|TK141363|Operasi Teknik Kimia III - D|44|setting
244|Fakultas Teknologi Industri (FTI)|Teknik Kimia|OPM|Optimasi Proses Migas|27|setting
245|Fakultas Teknologi Industri (FTI)|Teknik Kimia|OTK2-A|OTK2-A|13|setting
246|Fakultas Teknologi Industri (FTI)|Teknik Kimia|OTK2-B|OTK2-B|14|setting
247|Fakultas Teknologi Industri (FTI)|Teknik Industri|OTI|Otomasi Industri|5|setting
248|Fakultas Ilmu Alam (FIA)|Kimia|PKBI|Pembelajaran Kimia Berstandar Internasional (S2 Pengajaran Kimia)|11|setting
249|Sistem Pembelajaran Daring (SPADA) Indonesia|2014-2015 Gasal|PMTI-Daring|Pemetaan I (D3 / 4SKS)|269|setting
250|Fakultas Teknologi Informasi dan Komunikasi (FTIK)|Informatika|KI141308-PBO-F|Pemrograman Berorientasi Objek F|31|setting
251|Fakultas Teknologi Industri (FTI)|Teknik Fisika|TF-091352|PEMROSESAN SINYAL (PAK DHANY A)|145|setting
252|Fakultas Teknik Sipil, Lingkungan, dan Kebumian (FTSLK)|Teknik Lingkungan|PUdPiklim_1819|Pencemaran Udara dan Perubahan Iklim|44|setting
253|Fakultas Teknologi Industri (FTI)|Teknik Kimia|PPU-2018|Pengendalian Pencemaran Udara|134|setting
254|Fakultas Teknologi Industri (FTI)|Teknik Kimia|PLI|Pengolahan Limbah Industri|76|setting
255|Fakultas Teknologi Industri (FTI)|Teknik Kimia|PLIPg|Pengolahan Limbah Industri (Pengayaan)|20|setting
256|Fakultas Teknologi Industri (FTI)|Teknik Kimia|PLPLIB3|Pengolahan Limbah Padat, Limbah Industri dan B3|16|setting
257|Fakultas Teknologi Industri (FTI)|Teknik Fisika|PENYUSUNAN PROPOSAL S3|PENYUSUNAN PROPOSAL S3|10|setting
258|Sistem Pembelajaran Daring (SPADA) Indonesia|none|pdaa|Perancangan dan Analisis Algoritma|29|setting
259|Fakultas Teknologi Informasi dan Komunikasi (FTIK)|Informatika|PAA-PDITT|Perancangan dan Analisis Algoritma (PAA)|1|setting
260|Fakultas Teknologi Informasi dan Komunikasi (FTIK)|Informatika|I141309|Perancangan dan Analisis Algoritma I (D)|33|setting
261|Fakultas Teknologi Informasi dan Komunikasi (FTIK)|Informatika|KI141309|Perancangan dan Analisis Algoritma I Daring Spada|34|setting
262|Fakultas Teknologi Informasi dan Komunikasi (FTIK)|Informatika|KI141319-A|Perancangan dan Analisis Algoritma II (A)|33|setting
263|Fakultas Teknologi Informasi dan Komunikasi (FTIK)|Informatika|KI141319-B|Perancangan dan Analisis Algoritma II (B)|33|setting
264|Sistem Pembelajaran Daring (SPADA) Indonesia|none|PPL-TC_1|Perancangan Perangkat Lunak|242|setting
265|Fakultas Teknologi Informasi dan Komunikasi (FTIK)|Informatika|PPL|Perancangan Perangkat Lunak (PPL)|2|setting
266|Fakultas Teknologi Informasi dan Komunikasi (FTIK)|Informatika|KI141325A|Perancangan Perangkat Lunak 2017|96|setting
267|Fakultas Teknik Sipil, Lingkungan, dan Kebumian (FTSLK)|Teknik Lingkungan|PencMultiFase-S3|Perpindahan Pencemar Multi-fase|3|setting
268|Sistem Pembelajaran Daring (SPADA) Indonesia|2014-2015 Gasal|PPS-Daring|Probabilitas dan Proses Stokastik|195|setting
269|Fakultas Teknologi Industri (FTI)|Teknik Industri|Prodman|Produktivitas Manufaktur|6|setting
270|Fakultas Teknologi Industri (FTI)|Teknik Kimia|TK141211-A|Program Komputer - A|41|setting
271|Fakultas Teknologi Industri (FTI)|Teknik Kimia|Prospen I|Proses Perpindahan I|53|setting
272|Fakultas Teknologi Industri (FTI)|Teknik Fisika|PROTEKSI RADIASI|PROTEKSI RADIASI|2|setting
273|Fakultas Teknik Sipil, Lingkungan, dan Kebumian (FTSLK)|Teknik Sipil|RC184102|RC184102 Struktur Statis Tertentu (Statically Determinate Structure)|167|setting
274|Fakultas Teknik Sipil, Lingkungan, dan Kebumian (FTSLK)|Teknik Lingkungan|RE141311 A|RE141311 Kimia Lingkungan I A|14|setting
275|Fakultas Teknik Sipil, Lingkungan, dan Kebumian (FTSLK)|Teknik Lingkungan|RE141311 B|RE141311 Kimia Lingkungan I B|10|setting
276|Fakultas Teknik Sipil, Lingkungan, dan Kebumian (FTSLK)|Teknik Lingkungan|RE141311 Q|RE141311 Kimia Lingkungan I Q|6|setting
277|Fakultas Teknik Sipil, Lingkungan, dan Kebumian (FTSLK)|Teknik Lingkungan|RE141321A|RE141321A-Kimia Lingkungan II Kelas A|34|setting
278|Fakultas Teknik Sipil, Lingkungan, dan Kebumian (FTSLK)|Teknik Lingkungan|RE141321B|RE141321B-Kimia Lingkungan II Kelas B|54|setting
279|Fakultas Teknik Sipil, Lingkungan, dan Kebumian (FTSLK)|Teknik Lingkungan|RE141321Q|RE141321Q-Kimia Lingkungan II Kelas Q / Environmental Chemistry|42|setting
280|Fakultas Teknik Sipil, Lingkungan, dan Kebumian (FTSLK)|Teknik Lingkungan|RE141333 C|RE141333 Teknik Analisis Pencemar Lingkungan Q|1|setting
281|Fakultas Teknik Sipil, Lingkungan, dan Kebumian (FTSLK)|Teknik Lingkungan|RE141344-Matrikulasi|RE141344 Unit Proses Teknik Lingkungan|3|setting
282|Fakultas Teknik Sipil, Lingkungan, dan Kebumian (FTSLK)|Teknik Lingkungan|RE141344C|RE141344C-Unit Proses Teknik Lingkungan Kelas C|27|setting
283|Fakultas Teknik Sipil, Lingkungan, dan Kebumian (FTSLK)|Teknik Lingkungan|RE141402|RE141402 Pengelolaan Limbah Industri|2|setting
284|Fakultas Teknik Sipil, Lingkungan, dan Kebumian (FTSLK)|Teknik Lingkungan|RE141404|RE141404 Audit Lingkungan|1|setting
285|Fakultas Teknik Sipil, Lingkungan, dan Kebumian (FTSLK)|Teknik Lingkungan|RE 141404|RE141404 Model Dispersi Pencemaran Udara|4|setting
286|Fakultas Teknik Sipil, Lingkungan, dan Kebumian (FTSLK)|Teknik Lingkungan|RE141409|RE141409 Manajemen Lingkungan Kota|1|setting
287|Fakultas Teknik Sipil, Lingkungan, dan Kebumian (FTSLK)|Teknik Lingkungan|RE142211|RE142211 Pengendalian Pencemaran Lingkungan|20|setting
288|Fakultas Teknik Sipil, Lingkungan, dan Kebumian (FTSLK)|Teknik Lingkungan|RE142322|RE142322 Teknologi Pengolahan Gas Buang dan Partikulat|49|setting
289|Fakultas Teknik Sipil, Lingkungan, dan Kebumian (FTSLK)|Teknik Lingkungan|RE142414|RE142414 Sistem Pengendalian Pencemaran Udara|16|setting
290|Fakultas Teknik Sipil, Lingkungan, dan Kebumian (FTSLK)|Teknik Lingkungan|RE144416 S2|RE144416 Inventarisasi Emisi|8|setting
291|Fakultas Ilmu Alam (FIA)|Kimia|RSOk|Reaksi Senyawa Organik|71|setting
292|Fakultas Teknologi Informasi dan Komunikasi (FTIK)|Informatika|RKA|Rekayasa Kebutuhan (2018)|52|setting
293|Fakultas Teknologi Informasi dan Komunikasi (FTIK)|Informatika|RKKE|Rekayasa Kebutuhan Kelas E|62|setting
294|Fakultas Teknologi Informasi dan Komunikasi (FTIK)|Informatika|RKE|Rekayasa Kebutuhan kelas E (2017)|36|setting
295|Fakultas Teknologi Informasi dan Komunikasi (FTIK)|Informatika|KI141328|Rekayasa Kebutuhan Kelas E (2018)|35|setting
296|Fakultas Teknologi Informasi dan Komunikasi (FTIK)|Informatika|RKLL|Rekayasa Kebutuhan Lanjut 2018|9|setting
297|Fakultas Teknologi Informasi dan Komunikasi (FTIK)|Informatika|KI142303B|Rekayasa Perangkat Lunak (B)|20|setting
298|Fakultas Teknologi Industri (FTI)|Teknik Industri|241TI185546|Rekayasa Sistem Keselamatan dan Kesehatan Kerja|7|setting
299|Fakultas Teknik Sipil, Lingkungan, dan Kebumian (FTSLK)|Teknik Geofisika|RF184305|RF184305 Fisika Batuan - A|1|setting
300|Fakultas Teknik Sipil, Lingkungan, dan Kebumian (FTSLK)|Teknik Geofisika|RF184629 - A smt 6|RF184629 Geowisata - A|2|setting
301|Fakultas Teknik Sipil, Lingkungan, dan Kebumian (FTSLK)|Teknik Geomatika|Metodologi Penelitian - YBO|RG 141234 - Metodologi Penelitian - YBO|93|setting
302|Program Pasca Sarjana (PPS)|Magister Teknik Geomatika|RG-092999|RG-092999 Tesis|11|setting
303|Fakultas Teknik Sipil, Lingkungan, dan Kebumian (FTSLK)|Teknik Geomatika|35100RG1412032014_|RG141203 - Kalkulus|1|setting
304|Fakultas Teknik Sipil, Lingkungan, dan Kebumian (FTSLK)|Teknik Geomatika|Komputasi Spasial - LMJ|RG141207 - Komputasi Spasial - LMJ|47|setting
305|Fakultas Teknik Sipil, Lingkungan, dan Kebumian (FTSLK)|Teknik Geomatika|RG0141213|RG141217 - Statistika Kelas A|51|setting
306|Fakultas Teknik Sipil, Lingkungan, dan Kebumian (FTSLK)|Teknik Geomatika|Metodologi Penelitian (S1)|RG141234 - Metodologi Penelitian|86|setting
307|Fakultas Teknik Sipil, Lingkungan, dan Kebumian (FTSLK)|Teknik Geomatika|Metodologi Penelitian - DGP (Kelas A)|RG141234 - Metodologi Penelitian - DGP (Kelas A)|35|setting
308|Fakultas Teknik Sipil, Lingkungan, dan Kebumian (FTSLK)|Teknik Geomatika|35100RG1413022014_|RG141302 - Kartografi|47|setting
309|Fakultas Teknik Sipil, Lingkungan, dan Kebumian (FTSLK)|Teknik Geomatika|Pemetaan Teristris Lanjut - DGP|RG141311 - Pemetaan Teristris Lanjut - DGP|45|setting
310|Fakultas Teknik Sipil, Lingkungan, dan Kebumian (FTSLK)|Teknik Geomatika|Sistem Basis Data - YBO|RG141312 - Sistem Basis Data - YBO|15|setting
311|Fakultas Teknik Sipil, Lingkungan, dan Kebumian (FTSLK)|Teknik Geomatika|Statistik|RG141313 - Statistika|43|setting
312|Fakultas Teknik Sipil, Lingkungan, dan Kebumian (FTSLK)|Teknik Geomatika|Sistem Informasi Geografis - TGO|RG141314 - Sistem Informasi Geografis - TGO|1|setting
313|Fakultas Teknik Sipil, Lingkungan, dan Kebumian (FTSLK)|Teknik Geomatika|Sistem Informasi Geografis - YBO|RG141314 - Sistem Informasi Geografis - YBO|17|setting
314|Fakultas Teknik Sipil, Lingkungan, dan Kebumian (FTSLK)|Teknik Geomatika|Kartografi Digital - ABC|RG141316 - Kartografi Digital - ABC|1|setting
315|Fakultas Teknik Sipil, Lingkungan, dan Kebumian (FTSLK)|Teknik Geomatika|Kartografi Digital - CBP|RG141316 - Kartografi Digital - CBP|44|setting
316|Fakultas Teknik Sipil, Lingkungan, dan Kebumian (FTSLK)|Teknik Geomatika|Kartografi Digital - YBO|RG141316 - Kartografi Digital - YBO|62|setting
317|Fakultas Teknik Sipil, Lingkungan, dan Kebumian (FTSLK)|Teknik Geomatika|Survei Rekayasa - YBO|RG141318 - Survei Rekayasa - YBO|111|setting
318|Fakultas Teknik Sipil, Lingkungan, dan Kebumian (FTSLK)|Teknik Geomatika|Geodesi Satelit - EYH|RG141319 - Geodesi Satelit - EYH & HHT|46|setting
319|Fakultas Teknik Sipil, Lingkungan, dan Kebumian (FTSLK)|Teknik Geomatika|Geodesi Satelit - IMA|RG141319 - Geodesi Satelit - IMA & MYA|53|setting
320|Fakultas Teknik Sipil, Lingkungan, dan Kebumian (FTSLK)|Teknik Geomatika|Hitung Perataan - EYH|RG141320 - Hitung Perataan - EYH & HHT|48|setting
321|Fakultas Teknik Sipil, Lingkungan, dan Kebumian (FTSLK)|Teknik Geomatika|Hitung Perataan - IMA|RG141320 - Hitung Perataan - IMA & UWD|46|setting
322|Fakultas Teknik Sipil, Lingkungan, dan Kebumian (FTSLK)|Teknik Geomatika|Proyeksi Peta - MYA|RG141321 - Proyeksi Peta - MYA|1|setting
323|Fakultas Teknik Sipil, Lingkungan, dan Kebumian (FTSLK)|Teknik Geomatika|Proyeksi Peta - YBO|RG141321 - Proyeksi Peta - YBO|40|setting
324|Fakultas Teknik Sipil, Lingkungan, dan Kebumian (FTSLK)|Teknik Geomatika|Oseanografi Fisik - LMJ|RG141322 - Oseanografi Fisik - LMJ|55|setting
325|Fakultas Teknik Sipil, Lingkungan, dan Kebumian (FTSLK)|Teknik Geomatika|Penginderaan Jauh|RG141324 - Penginderaan Jauh|57|setting
326|Fakultas Teknik Sipil, Lingkungan, dan Kebumian (FTSLK)|Teknik Geomatika|Survei Sistem Satelit Navigasi Global|RG141325 - Survei Sistem Satelit Navigasi Global|37|setting
327|Fakultas Teknik Sipil, Lingkungan, dan Kebumian (FTSLK)|Teknik Geomatika|Jaring Kontrol Geodesi (Kelas B)|RG141326 - Jaring Kontrol Geodesi (Kelas B)|10|setting
328|Fakultas Teknik Sipil, Lingkungan, dan Kebumian (FTSLK)|Teknik Geomatika|Sistem Koordinat dan Transformasi|RG141327 - Sistem Koordinat dan Transformasi (Kelas A)|67|setting
329|Fakultas Teknik Sipil, Lingkungan, dan Kebumian (FTSLK)|Teknik Geomatika|Sistem Koordinat dan Transformasi (Kelas B)|RG141327 - Sistem Koordinat dan Transformasi (Kelas B)|33|setting
330|Fakultas Teknik Sipil, Lingkungan, dan Kebumian (FTSLK)|Teknik Geomatika|Kemah Kerja|RG141328 - Kemah Kerja|97|setting
331|Fakultas Teknik Sipil, Lingkungan, dan Kebumian (FTSLK)|Teknik Geomatika|Pemetaan Pertambangan - YBO|RG141329 - Pemetaan Pertambangan - YBO|68|setting
332|Fakultas Teknik Sipil, Lingkungan, dan Kebumian (FTSLK)|Teknik Geomatika|Manajemen Survei dan Pemetaan - YBO|RG141331 - Manajemen Survei dan Pemetaan - YBO|107|setting
333|Fakultas Teknik Sipil, Lingkungan, dan Kebumian (FTSLK)|Teknik Geomatika|Survei Hidrografi - DGP|RG141332 - Survei Hidrografi - DGP|66|setting
334|Fakultas Teknik Sipil, Lingkungan, dan Kebumian (FTSLK)|Teknik Geomatika|Geodesi Fisik - IMA|RG141333 - Geodesi Fisik - IMA|54|setting
335|Fakultas Teknik Sipil, Lingkungan, dan Kebumian (FTSLK)|Teknik Geomatika|Kerja Praktek|RG141335 - Kerja Praktek|20|setting
336|Fakultas Teknik Sipil, Lingkungan, dan Kebumian (FTSLK)|Teknik Geomatika|Astronomi Geodesi|RG141437 - Astronomi Geodesi|29|setting
337|Fakultas Teknik Sipil, Lingkungan, dan Kebumian (FTSLK)|Teknik Geomatika|Pemetaan Partisipatif|RG141441 - Pemetaan Partisipatif|16|setting
338|Fakultas Teknik Sipil, Lingkungan, dan Kebumian (FTSLK)|Teknik Geomatika|Penginderaan Jauh Terapan|RG141443 - Penginderaan Jauh Terapan - B|9|setting
339|Fakultas Teknik Sipil, Lingkungan, dan Kebumian (FTSLK)|Teknik Geomatika|Hiperspektral|RG141446 - Hiperspektral|1|setting
340|Fakultas Teknik Sipil, Lingkungan, dan Kebumian (FTSLK)|Teknik Geomatika|Fitur Dasar Laut|RG141451 - Fitur Dasar Laut|18|setting
341|Fakultas Teknik Sipil, Lingkungan, dan Kebumian (FTSLK)|Teknik Geomatika|Pasang Surut Air Laut|RG141452 - Pasang Surut Air Laut|7|setting
342|Fakultas Teknik Sipil, Lingkungan, dan Kebumian (FTSLK)|Teknik Geomatika|Satelit Altimetri|RG141454 - Satelit Altimetri|12|setting
343|Fakultas Teknik Sipil, Lingkungan, dan Kebumian (FTSLK)|Teknik Geomatika|Satelit Altimetri - 2018|RG141454 - Satelit Altimetri - EYH|8|setting
344|Fakultas Teknik Sipil, Lingkungan, dan Kebumian (FTSLK)|Teknik Geomatika|Land Administration - YBO|RG141458 - Land Administration - YBO|14|setting
345|Fakultas Teknik Sipil, Lingkungan, dan Kebumian (FTSLK)|Teknik Geomatika|Geodinamika dan Deformasi|RG141462 - Geodinamika dan Deformasi|21|setting
346|Fakultas Teknik Sipil, Lingkungan, dan Kebumian (FTSLK)|Teknik Geomatika|Gravimetri|RG141463 - Gravimetri|3|setting
347|Fakultas Teknik Sipil, Lingkungan, dan Kebumian (FTSLK)|Teknik Geomatika|Geodesi Lingkungan|RG141466 - Geodesi Lingkungan|28|setting
348|Fakultas Teknik Sipil, Lingkungan, dan Kebumian (FTSLK)|Teknik Geomatika|Tugas Akhir (T. Geomatika)|RG141536 - Tugas Akhir|155|setting
349|Fakultas Teknik Sipil, Lingkungan, dan Kebumian (FTSLK)|Teknik Geomatika|Sistem Informasi Geografis Lanjut|RG142306 - Sistem Informasi Geografis Lanjut|5|setting
350|Fakultas Teknik Sipil, Lingkungan, dan Kebumian (FTSLK)|Teknik Geomatika|Konversi Data Spasial|RG142414 - Konversi Data Spasial|3|setting
351|Fakultas Teknik Sipil, Lingkungan, dan Kebumian (FTSLK)|Teknik Geomatika|Analisa Deformasi dan Geodinamika - EYH|RG142418 - Analisa Deformasi dan Geodinamika - EYH|1|setting
352|Fakultas Teknologi Informasi dan Komunikasi (FTIK)|Sistem Informasi|Riset Operasi PDITT|Riset Operasi PDITT|30|setting
353|Fakultas Teknologi Industri (FTI)|Teknik Fisika|RPD|Riset Pra Doktoral|1|setting
354|Fakultas Teknik Sipil, Lingkungan, dan Kebumian (FTSLK)|Teknik Geomatika|Statistika Geomatika|RM184305 - Statistika|62|setting
355|Fakultas Teknik Sipil, Lingkungan, dan Kebumian (FTSLK)|Teknik Geomatika|Kartografi Digital - HHT|RM184306 - Kartografi Digital - HHT|46|setting
356|Fakultas Teknik Sipil, Lingkungan, dan Kebumian (FTSLK)|Teknik Geomatika|RM184306 - ST&PP - EYH|RM184306 - Sistem Tranformasi dan Proyeksi Peta - EYH & HHT|47|setting
357|Fakultas Teknik Sipil, Lingkungan, dan Kebumian (FTSLK)|Teknik Geomatika|RM184306 - ST&PP - IMA|RM184306 - Sistem Transformasi dan Proyeksi Peta - IMA|48|setting
358|Fakultas Teknik Sipil, Lingkungan, dan Kebumian (FTSLK)|Teknik Geomatika|35100RM1843082018A|RM184308 - Sistem Basis Data - ABC|45|setting
359|Fakultas Teknik Sipil, Lingkungan, dan Kebumian (FTSLK)|Teknik Geomatika|35100RM1845202018B|RM184520 - Fotogrametri Digital|39|setting
360|Fakultas Teknik Sipil, Lingkungan, dan Kebumian (FTSLK)|Teknik Geomatika|35100RM1845212018B|RM184521 - Sistem Informasi Geografis - ABC|39|setting
361|Fakultas Teknik Sipil, Lingkungan, dan Kebumian (FTSLK)|Teknik Geomatika|35100RM1846262018B|RM184626 - Analisa Informasi Geospasial|50|setting
362|Fakultas Teknik Sipil, Lingkungan, dan Kebumian (FTSLK)|Teknik Geomatika|IGT - HHT|RM184946 - Informasi Geospasial Tematik - HHT|13|setting
363|Fakultas Teknik Sipil, Lingkungan, dan Kebumian (FTSLK)|Teknik Geomatika|35100RM1849492018_|RM184949 - Aplikasi Radargrammetri|6|setting
364|Fakultas Teknik Sipil, Lingkungan, dan Kebumian (FTSLK)|Teknik Geomatika|35100RM1849502018_|RM184950 - Fotogrametri Jarak Dekat|12|setting
365|Fakultas Teknik Sipil, Lingkungan, dan Kebumian (FTSLK)|Teknik Geomatika|35100RM1849552018_|RM184955 - Sistem Informasi Pertanahan|1|setting
366|Fakultas Teknik Sipil, Lingkungan, dan Kebumian (FTSLK)|Teknik Geomatika|35100RM1849562018_|RM184956 - Kadaster 3 Dimensi|6|setting
367|Fakultas Ilmu Alam (FIA)|Biologi|Fisiologi Tumbuhan|SB-1315 Fisiologi Tumbuhan|2|setting
368|Fakultas Ilmu Alam (FIA)|Biologi|SB141436|SB141436-PERILAKU HEWAN|1|setting
369|Fakultas Ilmu Alam (FIA)|Fisika|SF1373|Seminar Fisika 2014/2015|61|setting
370|Fakultas Teknologi Industri (FTI)|Teknik Fisika|SPTS2|SEMINAR PROPOSAL THESIS|45|setting
371|Fakultas Ilmu Alam (FIA)|Kimia|SKSO|Sintesis dan Karakterisasi Senyawa Organik (S2 Pengajaran Kimia)|9|setting
372|Fakultas Teknologi Informasi dan Komunikasi (FTIK)|Informatika|SBD-E|Sistem Basis Data (E)|40|setting
373|Sistem Pembelajaran Daring (SPADA) Indonesia|none|SFB3_1|Sistem Fungsional Bisnis 2|35|setting
374|Fakultas Teknologi Industri (FTI)|Teknik Fisika|SIL|Sistem Instrumentasi Lanjut|2|setting
375|Fakultas Teknologi Industri (FTI)|Teknik Fisika|SISTEM KECERDASAN BUATAN|SISTEM KECERDASAN BUATAN|46|setting
376|Fakultas Teknologi Industri (FTI)|Teknik Fisika|SKO LANJUT|SISTEM KONTROL OTOMATIK LANJUT|14|setting
377|Fakultas Teknik Sipil, Lingkungan, dan Kebumian (FTSLK)|Teknik Geomatika|RM18-5104|Sistem Koordinat dan Proyeksi Peta|10|setting
378|Fakultas Teknologi Informasi dan Komunikasi (FTIK)|Informatika|STKI|Sistem Temu Kembali Informasi|38|setting
379|Fakultas Teknologi Industri (FTI)|Teknik Kimia|SUP|Sistem Utilitas Pabrik|61|setting
380|Fakultas Ilmu Alam (FIA)|Kimia|SK091204|SK091204 Kemometrik|11|setting
381|Fakultas Ilmu Alam (FIA)|Kimia|SK091313|SK091313 Dinamika Kimia|5|setting
382|Fakultas Ilmu Alam (FIA)|Kimia|MP|SK091321 Metode Pengukuran|115|setting
383|Fakultas Ilmu Alam (FIA)|Kimia|MPI|SK091322 Metode Pengukuran dengan Instrumen|3|setting
384|Fakultas Ilmu Alam (FIA)|Kimia|SK091351|SK091351 BIOPROSES|7|setting
385|Fakultas Ilmu Alam (FIA)|Kimia|SK091551|SK091551 Kemo- dan Bio-Sensor|4|setting
386|Fakultas Ilmu Alam (FIA)|Kimia|SK092231|SK092231 Material Penyimpan Energi (S2)|14|setting
387|Fakultas Teknologi Informasi dan Komunikasi (FTIK)|Informatika|KI142303|Software Engineering 2017|44|setting
388|Fakultas Ilmu Alam (FIA)|Fisika|SM(S1)|Spektro-Mikrografi (S1) (Suminar Pratapa, Ph.D)|34|setting
389|Fakultas Teknologi Industri (FTI)|Teknik Fisika|STATISTICAL PROCESS CONTROL|STATISTICAL PROCESS CONTROL|14|setting
390|Fakultas Teknologi Industri (FTI)|Teknik Fisika|STATISTIK ENERGI|STATISTIK ENERGI|8|setting
391|UPMB|none|Techno19|Technopreneurship Kelas 19|91|setting
392|Fakultas Teknologi Industri (FTI)|Teknik Fisika|TF101_1|Teknik Konversi & Konservasi Energi|30|setting
393|Fakultas Teknologi Industri (FTI)|Teknik Kimia|TRK 1|Teknik Reaksi Kimia 1|45|setting
394|Fakultas Teknologi Industri (FTI)|Teknik Kimia|Teknologi Aerosol|Teknologi Aerosol|40|setting
395|Fakultas Teknologi Informasi dan Komunikasi (FTIK)|Sistem Informasi|Teknologi Informasi|Teknologi Informasi - PDITT|3|setting
396|Fakultas Teknologi Industri (FTI)|Teknik Fisika|TF091201|Teknologi Informasi dan Komunikasi S1 ( 3 sks / 1)|51|setting
397|Fakultas Teknik Sipil, Lingkungan, dan Kebumian (FTSLK)|Teknik Lingkungan|RE144424|Teknologi Membran|10|setting
398|Fakultas Teknologi Industri (FTI)|Teknik Kimia|Teknologi Partikel|Teknologi Partikel|17|setting
399|Fakultas Teknik Sipil, Lingkungan, dan Kebumian (FTSLK)|Teknik Lingkungan|TekPSB3|Teknologi Pengolahan Sampah dan Limbah B3|24|setting
400|Fakultas Teknologi Industri (FTI)|Teknik Fisika|TESIS|TESIS|6|setting
401|Fakultas Teknologi Industri (FTI)|Teknik Fisika|TF141211|TF 141211 MATEMATIKA I|62|setting
402|Fakultas Teknologi Industri (FTI)|Teknik Fisika|FISIKA REKAYASA II KELAS BU AULIA|TF 141222 FISIKA REKAYASA II KELAS BU AULIA|217|setting
403|Fakultas Teknologi Industri (FTI)|Teknik Fisika|FR|TF 141222 FSIKA REKAYASA II Kls C (DETAK YP)|43|setting
404|Fakultas Teknologi Industri (FTI)|Teknik Fisika|MATEMATIKA REKAYASA I BU AULIA|TF 141231 MATEMATIKA REKAYASA I|719|setting
405|Fakultas Teknologi Industri (FTI)|Teknik Fisika|STATISTIK DAN STOKASTIK BU AULA|TF 141232 STATISTIK DAN STOKASTIK|527|setting
406|Fakultas Teknologi Industri (FTI)|Teknik Fisika|TF 141233|TF 141233 FENOMENA GELOMBANG C|14|setting
407|Fakultas Teknologi Industri (FTI)|Teknik Fisika|MATEMATIKA REKAYASA II KELAS BU AULIA|TF 141241 MATEMATIKA REKAYASA II KELAS BU AULIA|333|setting
408|Fakultas Teknologi Industri (FTI)|Teknik Fisika|MATREK2|TF 141241- MATEMATIKA REKAYASA II (PAK SUYANTO)|78|setting
409|Fakultas Teknologi Industri (FTI)|Teknik Fisika|ELEKTROMAGNETIKA|TF 141242 ELEKTROMAGNETIKA|203|setting
410|Fakultas Teknologi Industri (FTI)|Teknik Fisika|RANGKAIAN LISTRIK S1|TF 141322 RANGKAIAN LISTRIK S1|403|setting
411|Fakultas Teknologi Industri (FTI)|Teknik Fisika|AKUSTIK LJ|TF 141331 AKUSTIK|1|setting
412|Fakultas Teknologi Industri (FTI)|Teknik Fisika|AKUSTIK|TF 141331 AKUSTIK|273|setting
413|Fakultas Teknologi Industri (FTI)|Teknik Fisika|TF141351|TF 141351 SINYAL SISTEM|47|setting
414|Fakultas Teknologi Industri (FTI)|Teknik Fisika|MP16|TF 141361 METODOLOGI PENELITIAN (BU AULIA)|29|setting
415|Fakultas Teknologi Industri (FTI)|Teknik Fisika|SPO|TF 141362 SISTEM PENGENDALIAN OTOMATIK A|47|setting
416|Fakultas Teknologi Industri (FTI)|Teknik Fisika|FISIKA BANGUNAN|TF 141363 FISIKA BANGUNAN|244|setting
417|Fakultas Teknologi Industri (FTI)|Teknik Fisika|TF-141371|TF 141371 DESAIN INSTRUMENTASI|29|setting
418|Fakultas Teknologi Industri (FTI)|Teknik Fisika|KEANDALAN KELAS BU AULIA|TF 141382 KEANDALAN KELAS BU AULIA|31|setting
419|Fakultas Teknologi Industri (FTI)|Teknik Fisika|TEKNIK OPTIMASI|TF 141401 TEKNIK OPTIMASI|104|setting
420|Fakultas Teknologi Industri (FTI)|Teknik Fisika|JST|TF 141406 JARINGAN SYARAF TIRUAN|19|setting
421|Fakultas Teknologi Industri (FTI)|Teknik Fisika|Fuzzy_1|TF 141407 Sistem Fuzzy|228|setting
422|Fakultas Teknologi Industri (FTI)|Teknik Fisika|BISLING LINGKUNGAN|TF 141424 BISING LINGKUNGAN|201|setting
423|Fakultas Teknologi Industri (FTI)|Teknik Fisika|BISING LINGKUNGAN LINTAS JALUR|TF 141424 BISING LINGKUNGAN LINTAS JALUR|10|setting
424|Fakultas Teknologi Industri (FTI)|Teknik Fisika|PENGENDALIAN BISING DI INDUSTRI|TF 141425 PENGENDALIAN BISING DI INDUSTRI|193|setting
425|Fakultas Teknologi Industri (FTI)|Teknik Fisika|TUGAS AKHIR|TF 141581 TUGAS AKHIR (PAK TUTUG)|362|setting
426|Fakultas Teknologi Industri (FTI)|Teknik Fisika|TABUAULIUA|TF 141581 TUGAS AKHIR BIMBINGAN BU AULIA|14|setting
427|Fakultas Teknologi Industri (FTI)|Teknik Fisika|TF 181301 MATREK I|TF 181301 MATEMATIKA REKAYASA I|151|setting
428|Fakultas Teknologi Industri (FTI)|Teknik Fisika|STATO|TF 181302 STATISTIK DAN STOKASTIK|622|setting
429|Fakultas Teknologi Industri (FTI)|Teknik Fisika|181303MEKFLU|TF 181303 MEKANIKA FLUIDA|195|setting
430|Fakultas Teknologi Industri (FTI)|Teknik Fisika|ELKA|TF 181304 ELEKTRONIKA|133|setting
431|Fakultas Teknologi Industri (FTI)|Teknik Fisika|FENGEL|TF 181305 FENOMENA GELOMBANG|118|setting
432|Fakultas Teknologi Industri (FTI)|Teknik Fisika|PERPAN|TF 181306 PERPINDAHAN PANAS DAN MASA|221|setting
433|Fakultas Teknologi Industri (FTI)|Teknik Fisika|TF 181403 PSD|TF 181403 PEMODELAN SISTEM DINAMIK|127|setting
434|Fakultas Teknologi Industri (FTI)|Teknik Fisika|SINYAL|TF 181501 SINYAL dan SISTEM|139|setting
435|Fakultas Teknologi Industri (FTI)|Teknik Fisika|181503RSKKE|TF 181503 REKAYASA SISTEM KONVERSI DAN KONSERVASI ENERGI|173|setting
436|Fakultas Teknologi Industri (FTI)|Teknik Fisika|GETAR|TF 181504 GETARAN|156|setting
437|Fakultas Teknologi Industri (FTI)|Teknik Fisika|TF 181505 FISBAN|TF 181505 FISIKA BAHAN|28|setting
438|Fakultas Teknologi Industri (FTI)|Teknik Fisika|TF 181602 REKTEM|TF 181602 REKAYASA SISTEM KENYAMANAN TERMAL|102|setting
439|Fakultas Teknologi Industri (FTI)|Teknik Fisika|REKBAN|TF 181604 REKAYASA BAHAN|123|setting
440|Fakultas Teknologi Industri (FTI)|Teknik Fisika|TOPTIK|TF 181605 TEKNIK OPTIK|35|setting
441|Fakultas Teknologi Industri (FTI)|Teknik Fisika|SISMEN|TF 181702 SISTEM INSTRUMENTASI|159|setting
442|Fakultas Teknologi Industri (FTI)|Teknik Fisika|METPEN|TF 181703 METODE PENELITIAN|88|setting
443|Fakultas Teknologi Industri (FTI)|Teknik Fisika|181704 MACER|TF 181704 MATERIAL CERDAS|18|setting
444|Fakultas Teknologi Industri (FTI)|Teknik Fisika|181705 SIFON|TF 181705 SISTEM FOTONIKA|57|setting
445|Fakultas Teknologi Industri (FTI)|Teknik Fisika|ANDAL|TF 181706 KEANDALAN|64|setting
446|Fakultas Teknologi Industri (FTI)|Teknik Fisika|OPT|TF 181802 OPTIMISASI|57|setting
447|Fakultas Teknologi Industri (FTI)|Teknik Fisika|P&K|TF 181810 PENGUKURAN DAN KALIBRASI (MK.PENGAYAAN)|5|setting
448|Fakultas Teknologi Industri (FTI)|Teknik Fisika|TF 181813 DALPRO|TF 181813 PENGENDALIAN PROSES|93|setting
449|Fakultas Teknologi Industri (FTI)|Teknik Fisika|FUZZY|TF 181815 SISTEM LOGIKA FUZZY|60|setting
450|Fakultas Teknologi Industri (FTI)|Teknik Fisika|PROTEK|TF 181817 PROTEKSI DAN PENGAMANAN|80|setting
451|Fakultas Teknologi Industri (FTI)|Teknik Fisika|INSTRULEKIN|TF 181819 INSTRUMENTASI DAN ELEKTRIK INDUSTRI|57|setting
452|Fakultas Teknologi Industri (FTI)|Teknik Fisika|KONVIB|TF 181821 KONTROL VIBRASI|11|setting
453|Fakultas Teknologi Industri (FTI)|Teknik Fisika|TF 181823 BISLING|TF 181823 BISING LINGKUNGAN|12|setting
454|Fakultas Teknologi Industri (FTI)|Teknik Fisika|EKEN|TF 181831 EKONOMI ENERGI|22|setting
455|Fakultas Teknologi Industri (FTI)|Teknik Fisika|REKHIDRO|TF 181833 REKAYASA HIDRODINAMIKA|8|setting
456|Fakultas Teknologi Industri (FTI)|Teknik Fisika|MANER|TF 181835 MANAJEMEN ENERGI|23|setting
457|Fakultas Teknologi Industri (FTI)|Teknik Fisika|NANO|TF 181842 TEKNOLOGI MATERIAL NANO|4|setting
458|Fakultas Teknologi Industri (FTI)|Teknik Fisika|TF 181843 KARMAT|TF 181843 TEKNIK KARAKTERISASI MATERIAL|5|setting
459|Fakultas Teknologi Industri (FTI)|Teknik Fisika|DIFON|TF 181853 DIVAIS FOTONIKA|8|setting
460|Fakultas Teknologi Industri (FTI)|Teknik Fisika|TF 181855 SKSO|TF 181855 SISTEM KOMUNIKASI SERAT OPTIK|16|setting
461|Fakultas Teknologi Industri (FTI)|Teknik Fisika|KO LANJUT|TF 185201 KONTROL OTOMATIK LANJUT|13|setting
462|Fakultas Teknologi Industri (FTI)|Teknik Fisika|OPSIS|TF 185202 OPTIMISASI SISTEM|3|setting
463|Fakultas Teknologi Industri (FTI)|Teknik Fisika|CERDAS|TF 185313 KECERDASAN BUATAN UNTUK SISTEM INSTRUMEN|4|setting
464|Fakultas Teknologi Industri (FTI)|Teknik Fisika|TF 186102|TF 186102 - Metodologi Penelitian|3|setting
465|Fakultas Teknologi Industri (FTI)|Teknik Fisika|DINAMIKA SISTEM|TF DINAMIKA SISTEM (BU AULIA S.A)|65|setting
466|Sistem Pembelajaran Daring (SPADA) Indonesia|2014-2015 Gasal|SPO-Daring|TF091332 - Sistem Pengendalian Otomatis (S1/4 SKS)|529|setting
467|Fakultas Teknologi Industri (FTI)|Teknik Fisika|FISREK I|TF141212 FISIKA REKAYASA I|587|setting
468|Fakultas Teknologi Industri (FTI)|Teknik Fisika|24100TF1412412014_|TF141221 MATEMATIKA II|93|setting
469|Fakultas Teknologi Industri (FTI)|Teknik Fisika|24100TF1413212014C|TF141321 PEMROGRAMAN KOMPUTER C|51|setting
470|Fakultas Teknologi Industri (FTI)|Teknik Fisika|24100TF1413562014B|TF141356 TEKNIK OPTIK B|33|setting
471|Fakultas Teknologi Industri (FTI)|Teknik Fisika|TF181101PENGANTAR TEKNIK FISIKA|TF181101 - PENGANTAR TEKNIK FISIKA|1|setting
472|Fakultas Teknologi Industri (FTI)|Teknik Fisika|TF181101|TF181101-PENGANTAR TEKNIK FISIKA|132|setting
473|Fakultas Teknologi Industri (FTI)|Teknik Fisika|TF181202|TF181202- RANGKAIAN LISTRIK|1|setting
474|Fakultas Teknologi Industri (FTI)|Teknik Fisika|TF 181811 SPM|TF181811 SISTEM PENGENDALIAN MODERN|65|setting
475|Fakultas Teknologi Industri (FTI)|Teknik Fisika|TF185101|TF185101 FISIKA TEKNIK LANJUT|13|setting
476|Fakultas Teknologi Industri (FTI)|Teknik Fisika|TF185102|TF185102 MATEMATIKA TEKNIK LANJUT|64|setting
477|Fakultas Teknologi Industri (FTI)|Teknik Fisika|TF185130|TF185130 STATISTIK ENERGI|5|setting
478|Fakultas Teknologi Industri (FTI)|Teknik Fisika|TF185230|TF185230 SISTEM ENERGI TERBARUKAN|8|setting
479|Fakultas Teknologi Industri (FTI)|Teknik Fisika|TF1856102|TF1856102 - Filsafat Etika|3|setting
480|Fakultas Teknologi Industri (FTI)|Teknik Industri|TI091302A|TI091302 Proses Manufaktur - A|8|setting
481|Fakultas Teknologi Industri (FTI)|Teknik Industri|TI091302B|TI091302 Proses Manufaktur - B|4|setting
482|Fakultas Teknologi Industri (FTI)|Teknik Industri|TI091302C|TI091302 Proses Manufaktur - C|4|setting
483|Fakultas Teknologi Industri (FTI)|Teknik Industri|TI091302Q|TI091302 Proses Manufaktur - Q|5|setting
484|Sistem Pembelajaran Daring (SPADA) Indonesia|none|manufaktur-daring|TI091302 Proses Manufaktur|18|setting
485|Fakultas Teknologi Industri (FTI)|Teknik Industri|TI091303Q|TI091303 Statistik Industri I - Q|9|setting
486|Fakultas Teknologi Industri (FTI)|Teknik Industri|TI091307A|TI091307 Teknik Tata Cara & Pengukuran Kerja - A|5|setting
487|Fakultas Teknologi Industri (FTI)|Teknik Industri|TI091307B|TI091307 Teknik Tata Cara & Pengukuran Kerja - B|2|setting
488|Fakultas Teknologi Industri (FTI)|Teknik Industri|TI091307C|TI091307 Teknik Tata Cara & Pengukuran Kerja - C|1|setting
489|Fakultas Teknologi Industri (FTI)|Teknik Industri|TI091307Q|TI091307 Teknik Tata Cara & Pengukuran Kerja - Q|6|setting
490|Fakultas Teknologi Industri (FTI)|Teknik Industri|TI091309A|TI091309 Sistem Manufaktur - A|59|setting
491|Fakultas Teknologi Industri (FTI)|Teknik Industri|TI091309B|TI091309 Sistem Manufaktur - B|53|setting
492|Fakultas Teknologi Industri (FTI)|Teknik Industri|TI091309Q|TI091309 Sistem Manufaktur - Q|36|setting
493|Fakultas Teknologi Industri (FTI)|Teknik Industri|TI091309C|TI091309 Sistem Manufaktur - C|55|setting
494|Fakultas Teknologi Industri (FTI)|Teknik Industri|TI091316A|TI091316 Teknik Pengendalian Kualitas - A|9|setting
495|Fakultas Teknologi Industri (FTI)|Teknik Industri|TI091316B|TI091316 Teknik Pengendalian Kualitas - B|30|setting
496|Fakultas Teknologi Industri (FTI)|Teknik Industri|TI091316C|TI091316 Teknik Pengendalian Kualitas - C|8|setting
497|Fakultas Teknologi Industri (FTI)|Teknik Industri|TI091428|TI091428 Sustainable Manufacturing|4|setting
498|Fakultas Teknologi Industri (FTI)|Teknik Industri|27100TI1412032014C|TI141203 Pengetahuan Bahan Teknik (C)|42|setting
499|Fakultas Teknologi Industri (FTI)|Teknik Industri|APK|TI141204 Algoritma dan Pemrogaman Komputer 3 C|34|setting
500|Fakultas Teknologi Industri (FTI)|Teknik Industri|mektek Q|TI141206 Mekanika Teknik Q|45|setting
501|Fakultas Teknologi Industri (FTI)|Teknik Industri|25100TI184101|TI184101-Pengantar Teknik dan Sistem Industri|203|setting
502|Fakultas Teknologi Industri (FTI)|Teknik Industri|241TI184203C|TI184203|Statistik Industri 1 C|4|setting
503|Fakultas Teknologi Industri (FTI)|Teknik Industri|241TI184306A|TI184306-Statistik Industri 2 A|94|setting
504|Fakultas Teknologi Industri (FTI)|Teknik Industri|241TI184306D|TI184306-Statistik Industri 2 D|11|setting
505|Fakultas Teknologi Industri (FTI)|Teknik Industri|241TI184307ABCD|TI184307|Analisis dan Estimasi Biaya ABCD|113|setting
506|Fakultas Teknologi Industri (FTI)|Teknik Industri|241TI184307Q|TI184307|Analisis dan Estimasi Biaya Q|1|setting
507|Fakultas Teknologi Industri (FTI)|Teknik Industri|241TI184308|Proses Manufaktur B|TI184308|Proses Manufaktur B|1|setting
508|Fakultas Teknologi Industri (FTI)|Teknik Industri|241TI184309A|TI184309|Ergonomi Industri A|46|setting
509|Fakultas Teknologi Industri (FTI)|Teknik Industri|241TI184309 C|TI184309 Ergonomi Industri C|13|setting
510|Fakultas Teknologi Industri (FTI)|Teknik Industri|241TI184309Q|TI184309 Ergonomi Industri Q|52|setting
511|Fakultas Teknologi Industri (FTI)|Teknik Industri|241TI184517A|TI184517-Teknik Pengendalian Kualitas A|9|setting
512|Fakultas Teknologi Industri (FTI)|Teknik Industri|241TI184517C|TI184517-Teknik Pengendalian Kualitas C|9|setting
513|Fakultas Teknologi Industri (FTI)|Teknik Industri|241TI184517Q|TI184517-Teknik Pengendalian Kualitas Q|40|setting
514|Fakultas Teknologi Industri (FTI)|Teknik Industri|241TI184520A|TI184520|Perancangan dan Pengembangan Produk A|43|setting
515|Fakultas Teknologi Industri (FTI)|Teknik Industri|241TI184520|Perancangan dan Pengembangan Produk C|TI184520|Perancangan dan Pengembangan Produk C|31|setting
516|Fakultas Teknologi Industri (FTI)|Teknik Industri|241TI184520|Perancangan dan Pengembangan Produk D|TI184520|Perancangan dan Pengembangan Produk D|2|setting
517|Fakultas Teknologi Industri (FTI)|Teknik Industri|241TI184727B|TI184727|Ekologi Industri B|4|setting
518|Fakultas Teknologi Industri (FTI)|Teknik Industri|241TI184830Q|TI184830|Manajemen Proyek Q|44|setting
519|Fakultas Teknologi Industri (FTI)|Teknik Industri|25100TI184830|TI184830-Manajemen Proyek|85|setting
520|Fakultas Teknologi Industri (FTI)|Teknik Industri|241TI184901|TI184901|Aplikasi Ergonomi Industri|22|setting
521|Fakultas Teknologi Industri (FTI)|Teknik Industri|241TI184903|Ergonomi Makro|TI184903|Ergonomi Makro|39|setting
522|Fakultas Teknologi Industri (FTI)|Teknik Industri|241TI184905|Faal dan Biomenikanika Kerja|TI184905|Faal dan Biomenikanika Kerja|25|setting
523|Fakultas Teknologi Industri (FTI)|Teknik Industri|241TI184933|TI184933|Lean Concept & its Applications|3|setting
524|Fakultas Teknologi Industri (FTI)|Teknik Industri|241TI184951|Analisa Keputusan|TI184951|Analisa Keputusan|25|setting
525|Fakultas Teknologi Industri (FTI)|Teknik Industri|241TI184975|TI184975|Strategi Korporasi|17|setting
526|Fakultas Teknologi Industri (FTI)|Teknik Industri|241TI184979|TI184979|Manajemen Resiko Korporat|3|setting
527|Fakultas Teknologi Industri (FTI)|Teknik Industri|241TI185101A|TI185101|Statistika Industri Lanjut A|28|setting
528|Fakultas Teknologi Industri (FTI)|Teknik Industri|241TI185172|TI185172|Manufacturing Excellence|9|setting
529|Fakultas Teknologi Industri (FTI)|Teknik Industri|TI185172SMI|TI185172 Manufacturing Excellence SMI|23|setting
530|Fakultas Teknologi Industri (FTI)|Teknik Industri|TI185172VI|TI185172 Manufacturing Excellence VI|27|setting
531|Fakultas Teknologi Industri (FTI)|Teknik Industri|241TI185312|TI185312|Teknik Keandalan|11|setting
532|Fakultas Teknologi Industri (FTI)|Teknik Industri|241TI185545|TI185545|Perancangan Metode dan Sistem Kerja|8|setting
533|Fakultas Teknologi Industri (FTI)|Teknik Kimia|TK141222C|TK141222 - Kimia Organik I (A)|42|setting
534|Sistem Pembelajaran Daring (SPADA) Indonesia|Backup PDITT|TK141223-Daring|TK141223 Kimia Analisa|109|setting
535|Fakultas Teknologi Industri (FTI)|Teknik Kimia|TK141241D|TK141241 - Mikrobiologi Industri (C)|71|setting
536|Fakultas Teknologi Industri (FTI)|Teknik Kimia|TK141481_|TK141481 PENGOLAHAN LIMBAH INDUSTRI & B3|67|setting
537|Fakultas Teknologi Industri (FTI)|Teknik Material dan Metalurgi|27100TL1412142014Q|TL141214 Fisika Dasar Q|34|setting
538|Fakultas Teknologi Industri (FTI)|Teknik Material dan Metalurgi|27100TL1412172014Q|TL141217 Kimia Dasar (Q)|41|setting
539|Fakultas Teknologi Industri (FTI)|Teknik Material dan Metalurgi|27100TL1413312014A|TL141331 Dasar Pemrograman Komputer (A)|44|setting
540|Fakultas Teknologi Industri (FTI)|Teknik Material dan Metalurgi|27100TL1413372014B|TL141337 Pesawat Tenaga (B)|51|setting
541|Fakultas Teknologi Industri (FTI)|Teknik Material dan Metalurgi|27100TL1413532014B|TL141353 Karakterisasi Material (B)|30|setting
542|Fakultas Teknologi Industri (FTI)|Teknik Mesin|21100TM1423242014A|TM142324 - SISTEM PERC. & PENGENDALIAN MANUFAKTUR A|2|setting
543|Fakultas Teknologi Industri (FTI)|Teknik Mesin|PTM-B|TM184101-PENGANTAR TEKNIK MESIN-B|40|setting
544|Fakultas Teknologi Industri (FTI)|Teknik Mesin|PTM-C|TM184101-PENGANTAR TEKNIK MESIN-C|38|setting
545|Fakultas Teknologi Industri (FTI)|Teknik Mesin|KINDIN-D|TM184309-KINEMATIKA DAN DINAMIKA TEKNIK-D|40|setting
546|Fakultas Teknologi Industri (FTI)|Teknik Mesin|KINDIN-Y|TM184309-KINEMATIKA DAN DINAMIKA TEKNIK-Y|50|setting
547|Fakultas Teknologi Industri (FTI)|Teknik Mesin|METAL-Y|TM184310-METALURGI I-Y|43|setting
548|Fakultas Teknologi Industri (FTI)|Teknik Mesin|INSTRU-B|TM184411-INSTRUMENTASI DAN PENGUKURAN-B|31|setting
549|Fakultas Teknologi Industri (FTI)|Teknik Mesin|TermoII-B|TM184412-Termodinamika II-B|34|setting
550|Fakultas Teknologi Industri (FTI)|Teknik Mesin|ELMES1-A|TM184414-ELEMEN MESIN 1-A|39|setting
551|Fakultas Teknologi Industri (FTI)|Teknik Mesin|ELMES1-B|TM184414-ELEMEN MESIN 1-B|39|setting
552|Fakultas Teknologi Industri (FTI)|Teknik Mesin|ANUM-A|TM184517-ANALISA NUMERIK-A|34|setting
553|Fakultas Teknologi Industri (FTI)|Teknik Mesin|PROMANUI-Y|TM184518-PROSES MANUFAKTUR I-Y|38|setting
554|Fakultas Teknologi Industri (FTI)|Teknik Mesin|SISDIN-B|TM184521-SISTEM DINAMIK DAN PENGENDALIAN-B|38|setting
555|Fakultas Teknologi Industri (FTI)|Teknik Mesin|SISDIN-Y|TM184521-SISTEM DINAMIK DAN PENGENDALIAN-Y|44|setting
556|Fakultas Teknologi Industri (FTI)|Teknik Mesin|MEKATRO-B|TM184626-MEKATRONIKA-B|28|setting
557|Fakultas Teknologi Industri (FTI)|Teknik Mesin|PEM-D|TM184627-PERENCANAAN ELEMEN MESIN-D|11|setting
558|Fakultas Teknologi Industri (FTI)|Teknik Mesin|SPL-A|TM184793-SISTEM PENGENDALIAN LINEAR-A|22|setting
559|Fakultas Teknologi Industri (FTI)|Teknik Mesin|PPB-A|TM184843-PESAWAT PEMINDAH BAHAN-A|27|setting
560|Fakultas Teknologi Industri (FTI)|Teknik Mesin|BIO-A|TM184862-BIO ENERGI-A|25|setting
561|Fakultas Teknologi Industri (FTI)|Teknik Mesin|MD-A|TM184865-MOULD DESIGN-A|22|setting
562|Fakultas Teknologi Industri (FTI)|Teknik Mesin|TPM-A|TM185219-TEORI PENGENDALIAN MODERN-A|3|setting
563|Fakultas Teknologi Industri (FTI)|Teknik Mesin|APL-A|TM185311-Analisa Pencemaran Lingkungan-A|20|setting
564|Fakultas Teknologi Informasi dan Komunikasi (FTIK)|Informatika|RKL|Topik Dalam Rekayasa Kebutuhan (2018)|15|setting
565|Fakultas Teknologi Informasi dan Komunikasi (FTIK)|Informatika|TDSTKI|Topik Dalam Sistem Temu Kembali Informasi|17|setting
566|Fakultas Teknologi Informasi dan Komunikasi (FTIK)|Informatika|TDVKS2|Topik dalam Visi Komputer S2|14|setting
567|UPT Penyelenggara Mata Kuliah Sosial Humaniora|S1|BI22|TPB Bahasa Inggris Kelas 22|51|setting
568|UPT Penyelenggara Mata Kuliah Sosial Humaniora|S1|BI29|TPB Bahasa Inggris Kelas 29|43|setting
569|UPT Penyelenggara Mata Kuliah Sosial Humaniora|S1|Bahasa Inggris Kelas 10|TPB-Bahasa Inggris Kelas 10|64|setting
570|UPT Penyelenggara Mata Kuliah Sosial Humaniora|S1|Bahasa Inggris Kelas 2|TPB-Bahasa Inggris Kelas 2|73|setting
571|Fakultas Teknologi Industri (FTI)|Teknik Material dan Metalurgi|UK JTMM GENAP 2015/2016|UJI KOMPREHENSIF TEKNIK MATERIAL & METALURGI|195|setting
572|Fakultas Teknologi Industri (FTI)|Teknik Fisika|KOMPRE|UJIAN KOMPREHENSIF S1 TEKNIK FISIKA|353|setting
573|Fakultas Ilmu Alam (FIA)|Kimia|Wawasan Riset|Wawasan Riset|2|setting
574|UPMB|none|WTKI|Wawasan Teknologi dan Komunikasi Ilmiah|1002|setting