No|Fakultas|Jurusan|Kode|Nama Matakuliah
1|Fakultas Teknologi Elektro (FTE)|Teknik Elektro|RE-1471_X|RE-1471 Perancangan dan Integrasi Sistem (Ekstensi)
2|Fakultas Teknologi Informasi dan Komunikasi (FTIK)|Sistem Informasi|KOm Interpersonal|Komunikasi Interpersonal
3|Fakultas Teknologi Industri (FTI)|Teknik Kimia|PPU|Teknologi Pengendalian Polusi
4|Sistem Pembelajaran Daring (SPADA) Indonesia|Backup PDITT|MB091206|MB091206 Metode Kuantitatif Untuk Bisnis - Imam Baihaqi, ST., M.Sc., Ph.D
5|Fakultas Teknologi Industri (FTI)|Teknik Fisika|SPLS2|SISTEM PENGUKURAN LANJUT
6|Fakultas Teknologi Industri (FTI)|Teknik Fisika|TETS2|TEKNOLOGI ENERGI TERBARUKAN
7|Fakultas Teknologi Industri (FTI)|Teknik Fisika|TPS2|TEKNOLOGI PENCAHAYAAN
8|Fakultas Vokasi (F Vok.)|Teknik Instrumentasi|PROKOMD3|TT 090321-TEKNIK PEMROGRAMAN KOMPUTER
9|Program Pasca Sarjana (PPS)|Magister Teknik Geomatika|RG-092343|RG-092343 Fotogrametri Modern
10|Program Pasca Sarjana (PPS)|Magister Teknik Geomatika|RG-092328|RG-092328 Sistem Informasi Geografis
11|Hibah Pengembangan Pembelajaran|none|Hibah03_1|TEKNIK PEMROGRAMAN KOMPUTER Pindah ke laman: http://share.its.ac.id/course/view.php?id=484
12|Hibah Pengembangan Pembelajaran|none|MK-Baru|Mata Kuliah (silahkan ganti di edit seting)
13|Hibah Pengembangan Pembelajaran|none|TM 091321|Pengantar Komputer dan TIK
14|Hibah Pengembangan Pembelajaran|none|hibah06|Metode Pemisahan dan Pemurnian
15|Hibah Pengembangan Pembelajaran|none|MB 091203|Matematika Dasar
16|Hibah Pengembangan Pembelajaran|none|IG 091308|Hybrid Language Learning
17|Hibah Pengembangan Pembelajaran|none|SK 092231|Material Penyimpan Energi
18|Hibah Pengembangan Pembelajaran|none|SK 1333 _1|Sintesis Senyawa Anorganik copy 1
19|Hibah Pengembangan Pembelajaran|none|KS 091312|Manajemen Projek Teknologi Informasi
20|Hibah Pengembangan Pembelajaran|none|hibah07_1|Pemetaan Terestris
21|Hibah Pengembangan Pembelajaran|none|hibah11_2|Sistem Fungsional Bisnis 2 (SFB2)
22|Hibah Pengembangan Pembelajaran|none|hibah12_1|KI091307 Keahlian Dasar Informatika
23|Hibah Pengembangan Pembelajaran|none|Hibah01_1|Online Manajemen Resiko IT-O MeRIT - Amna Shifia Nisafani, S.Kom., M.Sc
24|Hibah Pengembangan Pembelajaran|none|RC 090204|Statistik Terapan
25|Hibah Pengembangan Pembelajaran|none|KS 091322|Tata Kelola dan Audit Sistem Informasi
26|Hibah Pengembangan Pembelajaran|none|TI091303|Statistik Industri I
27|Hibah Pengembangan Pembelajaran|none|RC090202|Metode Numerik
28|Hibah Pengembangan Pembelajaran|none|TF091363|SISTEM PENGENDALIAN OTOMATIS
29|Hibah Pengembangan Pembelajaran|none|hibah16_1|Database Management System on The Air
30|Hibah Pengembangan Pembelajaran|none|hibah20_1|Mikoriza
31|Hibah Pengembangan Pembelajaran|none|hibah22_1|Teknologi Beton & Bekisting
32|Hibah Pengembangan Pembelajaran|none|hibah23_1|Dasar Sistem Pengaturan
33|Hibah Pengembangan Pembelajaran|none|hibah23_2|Manajemen Layanan SI/TI (ML SI/TI) - Tony Dwi Susanto. ST..MT. Ph.D.
34|Fakultas Teknologi Elektro (FTE)|Teknik Elektro|MPC|Mata Pelajaran Contoh
35|Fakultas Teknologi Industri (FTI)|Teknik Mesin|ANUM|Analisa Numerik
36|Fakultas Teknologi Industri (FTI)|Teknik Mesin|21100 TM1413642014D|TM141364 - MEKATRONIKA D
37|Fakultas Teknologi Industri (FTI)|Teknik Mesin|PENGUTEK|Pengukuran Teknik
38|Fakultas Teknologi Industri (FTI)|Teknik Mesin|SISPO|SISDIN PO
39|Fakultas Teknologi Informasi dan Komunikasi (FTIK)|Sistem Informasi|PSDP|Perencanaan Sumber Daya Perusahaan
40|Fakultas Teknologi Informasi dan Komunikasi (FTIK)|Sistem Informasi|IT Infrastructure|KI092241 - IT Infrastructure
41|Fakultas Teknologi Informasi dan Komunikasi (FTIK)|Sistem Informasi|Analysis, Modeling and Design|KI092342 - Analysis, Modeling and Design
42|Fakultas Teknologi Informasi dan Komunikasi (FTIK)|Sistem Informasi|Matematika Diskrit|KS091201-Matematika Diskrit
43|Fakultas Teknologi Industri (FTI)|Teknik Mesin|tm091384|Kerja Praktek
44|Fakultas Teknologi Informasi dan Komunikasi (FTIK)|Sistem Informasi|Algoritma dan Pemrograman I|KS091202 - Algoritma dan Pemrograman I
45|Fakultas Teknologi Informasi dan Komunikasi (FTIK)|Sistem Informasi|Ketrampilan Interpersonal|KS091203 - Ketrampilan Interpersonal
46|Fakultas Teknologi Industri (FTI)|Teknik Mesin|tm091365|Perencanaan Elemen Mesin
47|Fakultas Teknologi Informasi dan Komunikasi (FTIK)|Sistem Informasi|Kalkulus dan Aljabar Linier|KS091206 - Kalkulus dan Aljabar Linier
48|Fakultas Teknologi Informasi dan Komunikasi (FTIK)|Sistem Informasi|Pengembangan dan Implementasi Perangkat Lunak|KS091305 - Pengembangan dan Implementasi Perangkat Lunak
49|Fakultas Teknologi Informasi dan Komunikasi (FTIK)|Sistem Informasi|Desain dan Manajemen Jaringan|KS091307 - Desain dan Manajemen Jaringan
50|Fakultas Teknologi Informasi dan Komunikasi (FTIK)|Sistem Informasi|Pengelolaan Hubungan Pelanggan|KS091308 - Pengelolaan Hubungan Pelanggan
51|Fakultas Teknologi Informasi dan Komunikasi (FTIK)|Sistem Informasi|Rancang Bangun Perangkat Lunak|KS091313 - Rancang Bangun Perangkat Lunak
52|Fakultas Teknologi Informasi dan Komunikasi (FTIK)|Sistem Informasi|Interaksi Manusia dan Komputer|KS091314 - Interaksi Manusia dan Komputer
53|Fakultas Teknologi Informasi dan Komunikasi (FTIK)|Sistem Informasi|Manajemen Sains|KS091315 - Manajemen Sains
54|Fakultas Teknologi Informasi dan Komunikasi (FTIK)|Sistem Informasi|Manajemen Rantai Pasok|KS091316 - Manajemen Rantai Pasok
55|Fakultas Teknologi Informasi dan Komunikasi (FTIK)|Sistem Informasi|Bahasa Indonesia|IG091307 - Bahasa Indonesia
56|Fakultas Teknologi Informasi dan Komunikasi (FTIK)|Sistem Informasi|Bisnis Cerdas|KS091323 - Bisnis Cerdas
57|Fakultas Teknologi Informasi dan Komunikasi (FTIK)|Sistem Informasi|Manajemen Kualitas|KS091326 - Manajemen Kualitas
58|Fakultas Teknologi Informasi dan Komunikasi (FTIK)|Sistem Informasi|e-Business|KS091333 - e-Business
59|Fakultas Teknologi Informasi dan Komunikasi (FTIK)|Sistem Informasi|Integrasi Aplikasi Korporasi|KS091331 - Integrasi Aplikasi Korporasi
60|Fakultas Teknologi Informasi dan Komunikasi (FTIK)|Sistem Informasi|Sistem Pendukung Keputusan|KS091329 - Sistem Pendukung Keputusan
61|Fakultas Teknologi Informasi dan Komunikasi (FTIK)|Sistem Informasi|Sistem Operasi|KS091303 - Sistem Operasi
62|Fakultas Teknologi Informasi dan Komunikasi (FTIK)|Sistem Informasi|Algoritma dan Pemrograman II|KS091204 - Algoritma dan Pemrograman II
63|Fakultas Teknologi Informasi dan Komunikasi (FTIK)|Sistem Informasi|Perencanaan Strategis SI/TI|KS091320 - Perencanaan Strategis SI/TI
64|Fakultas Teknologi Informasi dan Komunikasi (FTIK)|Sistem Informasi|Pemantauan dan Evaluasi TI|KS091325 - Pemantauan dan Evaluasi TI
65|Fakultas Teknologi Informasi dan Komunikasi (FTIK)|Sistem Informasi|Kapita Selekta|KS091335 - Kapita Selekta
66|Hibah Pengembangan Pembelajaran|none|Listening 1|Listening Comprehension Level 1
67|Fakultas Teknologi Informasi dan Komunikasi (FTIK)|Sistem Informasi|Enterprise Models|KI092243 - Enterprise Models
68|Fakultas Teknologi Informasi dan Komunikasi (FTIK)|Sistem Informasi|Project and Change Management|KI092344 - Project and Change Management
69|Fakultas Teknologi Informasi dan Komunikasi (FTIK)|Sistem Informasi|Business and IT Integration|KI092348 - Business and IT Integration
70|Fakultas Teknologi Informasi dan Komunikasi (FTIK)|Sistem Informasi|Pemodelan dan Simulasi|KI092352 - Pemodelan dan Simulasi
71|Fakultas Teknologi Informasi dan Komunikasi (FTIK)|Sistem Informasi|DSS & EIS|KI092353 - Decision Support Systems and Executive Information Systems
72|Fakultas Teknologi Informasi dan Komunikasi (FTIK)|Sistem Informasi|Information Systems Security|KI092355 - Information Systems Security
73|Fakultas Teknologi Informasi dan Komunikasi (FTIK)|Sistem Informasi|Information Technology Governance|KI092356 - Information Technology Governance
74|Fakultas Teknologi Informasi dan Komunikasi (FTIK)|Sistem Informasi|Sistem Fungsional Bisnis|KS091301 - Sistem Fungsional Bisnis I
75|Fakultas Teknologi Informasi dan Komunikasi (FTIK)|Sistem Informasi|Manajemen Basis Data|KS091306 - Manajemen Basis Data
76|Fakultas Teknologi Informasi dan Komunikasi (FTIK)|Sistem Informasi|Tata Kelola dan Audit SI/TI|KS091322 - Tata Kelola dan Audit SI/TI
77|Program Pasca Sarjana (PPS)|Magister Teknik Geomatika|RG-092329|RG-092329 Analisa Citra Satelit Pasif
78|Fakultas Teknik Sipil, Lingkungan, dan Kebumian (FTSLK)|Teknik Geofisika|Pengantar Ilmu Kebumian|Pengantar Ilmu Kebumian
79|Fakultas Teknik Sipil, Lingkungan, dan Kebumian (FTSLK)|Teknik Geofisika|Geologi Dasar|Geologi Dasar
80|Fakultas Teknik Sipil, Lingkungan, dan Kebumian (FTSLK)|Teknik Geofisika|Mekanika|Mekanika
81|Fakultas Teknik Sipil, Lingkungan, dan Kebumian (FTSLK)|Teknik Geofisika|Petrofisika|Petrofisika
82|Fakultas Teknik Sipil, Lingkungan, dan Kebumian (FTSLK)|Teknik Geofisika|Perwalian|PEMBIMBINGAN AKADEMIK ANGKATAN 2014
83|Fakultas Teknologi Industri (FTI)|Teknik Mesin|SKB|SISTEM KECERDASAN BUATAN
84|Fakultas Teknologi Informasi dan Komunikasi (FTIK)|Sistem Informasi|hibah01_2|Kalkulus dan Aljabar Linear copy 2
85|Fakultas Teknologi Informasi dan Komunikasi (FTIK)|Sistem Informasi|hibah05_1|Pemantauan dan Evaluasi Teknologi Informasi copy 1
86|Fakultas Vokasi (F Vok.)|Teknik Instrumentasi|TIKD3|Teknik Informasi dan Komunikasi D3
87|Fakultas Teknologi Informasi dan Komunikasi (FTIK)|Sistem Informasi|Pengantar Teknologi Informasi dan Komunikasi|Pengantar Teknologi Informasi dan Komunikasi
88|UPMB|TPB - Fisika Dasar|FisDas04-35|Fisika Dasar (TPB-04 dan TPB-35)
89|Fakultas Teknologi Informasi dan Komunikasi (FTIK)|Sistem Informasi|Manajemen Resiko Teknologi Informasi|KS091327 - Manajemen Resiko Teknologi Informasi
90|Program Pasca Sarjana (PPS)|Magister Teknik Geomatika|RG-092344|RG-092344 Konversi Data Spasial
91|UPMB|TPB - Fisika Dasar|Fisdas43-29|Fisika Dasar (TPB-43 dan TPB-29)
92|Sistem Pembelajaran Daring (SPADA) Indonesia|Backup PDITT|IUT|Ilmu Ukur Tanah II
93|Sistem Pembelajaran Daring (SPADA) Indonesia|Backup PDITT|TBB|Teknologi Beton Bekisting
94|Sistem Pembelajaran Daring (SPADA) Indonesia|Backup PDITT|MKB|Metode Kuantitatif untuk Bisnis
95|Fakultas Teknologi Informasi dan Komunikasi (FTIK)|Sistem Informasi|Pengantar Sistem Informasi|KS091302 - Pengantar Sistem Informasi
96|Fakultas Teknologi Informasi dan Komunikasi (FTIK)|Sistem Informasi|Algoritma dan Pemrograman II_1|KS091204 - Algoritma dan Pemrograman II
97|Fakultas Teknologi Informasi dan Komunikasi (FTIK)|Sistem Informasi|Sistem Operasi_1|KS091303 - Sistem Operasi
98|Fakultas Teknologi Informasi dan Komunikasi (FTIK)|Sistem Informasi|Manajemen dan Organisasi|KS091205 - Manajemen dan Organisasi
99|Fakultas Teknologi Informasi dan Komunikasi (FTIK)|Sistem Informasi|Sistem Fungsional Bisnis II|KS091304 - Sistem Fungsional Bisnis II
100|Fakultas Teknologi Informasi dan Komunikasi (FTIK)|Sistem Informasi|Statistika_1|KS091207 - Statistika
101|Fakultas Teknologi Informasi dan Komunikasi (FTIK)|Sistem Informasi|Perencanaan Sumber Daya Perusahaan|KS091309 - Perencanaan Sumber Daya Perusahaan
102|Fakultas Teknologi Informasi dan Komunikasi (FTIK)|Sistem Informasi|Rekayasa Kebutuhan Perangkat Lunak|KS091310 - Rekayasa Kebutuhan Perangkat Lunak
103|Fakultas Teknologi Informasi dan Komunikasi (FTIK)|Sistem Informasi|Manajemen Proyek TI|KS091312 - Manajemen Proyek TI
104|Fakultas Teknologi Informasi dan Komunikasi (FTIK)|Sistem Informasi|Kewirausahaan Teknologi Informasi|KS091317 - Kewirausahaan Teknologi Informasi
105|Fakultas Teknologi Informasi dan Komunikasi (FTIK)|Sistem Informasi|Manajemen Investasi TI|KS091318 - Manajemen Investasi TI
106|Fakultas Teknologi Informasi dan Komunikasi (FTIK)|Sistem Informasi|Data Mining dan Data Warehousing|KS091319 - Data Mining dan Data Warehousing
107|Fakultas Teknologi Informasi dan Komunikasi (FTIK)|Sistem Informasi|Perencanaan Strategis SI/TI_1|KS091320 - Perencanaan Strategis SI/TI
108|Fakultas Teknologi Informasi dan Komunikasi (FTIK)|Sistem Informasi|Proteksi Aset Informasi|KS091321 - Proteksi Aset Informasi
109|Fakultas Teknologi Informasi dan Komunikasi (FTIK)|Sistem Informasi|Etika Profesi|KS091324 - Etika Profesi
110|Fakultas Teknologi Informasi dan Komunikasi (FTIK)|Sistem Informasi|Pemantauan dan Evaluasi TI_1|KS091325 - Pemantauan dan Evaluasi TI
111|Fakultas Teknologi Informasi dan Komunikasi (FTIK)|Sistem Informasi|Sistem Pendukung Keputusan_1|KS091329 - Sistem Pendukung Keputusan
112|Fakultas Teknologi Informasi dan Komunikasi (FTIK)|Sistem Informasi|Manjemen Sains lanjut|KS091329 - Manjemen Sains lanjut
113|Fakultas Teknologi Informasi dan Komunikasi (FTIK)|Sistem Informasi|Manajemen Kualitas TI|KS091326 - Manajemen Kualitas TI
114|Fakultas Teknologi Informasi dan Komunikasi (FTIK)|Sistem Informasi|Manajemen Resiko TI|KS091327 - Manajemen Resiko TI
115|Fakultas Teknologi Informasi dan Komunikasi (FTIK)|Sistem Informasi|Trend Tek & open source|KS091332 - Trend Tek & open source : English Class
116|Fakultas Teknologi Informasi dan Komunikasi (FTIK)|Sistem Informasi|Teknologi Bergerak|KS091334 - Teknologi Bergerak
117|Fakultas Teknologi Informasi dan Komunikasi (FTIK)|Sistem Informasi|PSDP-1_1|Perencanaan Sumber Daya Perusahaan - Mahendrawathi, ST.,M.Sc., Ph.D.
118|Sistem Pembelajaran Daring (SPADA) Indonesia|Backup PDITT|PPS|Probabilitas dan Proses Stokastik
119|Sistem Pembelajaran Daring (SPADA) Indonesia|Backup PDITT|SPODaring|Sistem Pengendalian Otomatis
120|Sistem Pembelajaran Daring (SPADA) Indonesia|Backup PDITT|MKBDaring|Metode Kuantitatif untuk Bisnis
121|Fakultas Teknologi Informasi dan Komunikasi (FTIK)|Sistem Informasi|Teknologi dan Masalah-masalah Baru|Teknologi dan Masalah-masalah Baru - Febriliyan Samopa
122|Fakultas Teknologi Informasi dan Komunikasi (FTIK)|Sistem Informasi|Implikasi dari digitalisasi|Implikasi dari digitalisasi
123|Fakultas Teknologi Informasi dan Komunikasi (FTIK)|Sistem Informasi|Metode Penelitian|Metode Penelitian
124|Fakultas Teknologi Informasi dan Komunikasi (FTIK)|Sistem Informasi|Manajemen Proyek Lanjut|Manajemen Proyek Lanjut
125|Fakultas Teknologi Informasi dan Komunikasi (FTIK)|Sistem Informasi|Keamanan Sistem Informasi|Keamanan Sistem Informasi
126|Fakultas Teknologi Informasi dan Komunikasi (FTIK)|Sistem Informasi|Tata Kelola Teknologi Informasi|Tata Kelola Teknologi Informasi - Tony Dwi Susanto
127|Fakultas Teknologi Informasi dan Komunikasi (FTIK)|Sistem Informasi|Soft Computing|Soft Computing - Arif Djunaidy
128|Fakultas Teknologi Informasi dan Komunikasi (FTIK)|Sistem Informasi|RA Bahasa Indonesia|Course - Bahasa Indonesia
129|Sistem Pembelajaran Daring (SPADA) Indonesia|Backup PDITT|SPORes|20140516 Sistem Pengendalian Otomatis
130|Sistem Pembelajaran Daring (SPADA) Indonesia|Backup PDITT|IUTRes|20140516 Ilmu Ukur Tanah
131|Sistem Pembelajaran Daring (SPADA) Indonesia|Backup PDITT|20140825 SPO-Daring|20140825 Sistem Pengendalian Otomatis
132|Sistem Pembelajaran Daring (SPADA) Indonesia|Backup PDITT|IUT-Daring|20140723 Ilmu Ukur Tanah
133|Fakultas Teknologi Informasi dan Komunikasi (FTIK)|Sistem Informasi|Manajemen dan Organisasi SI B|KS141201 - Manajemen dan Organisasi B
134|Fakultas Teknologi Informasi dan Komunikasi (FTIK)|Sistem Informasi|52100KS1412022014A|KS141202 - Sistem dan Teknologi Informasi A
135|Fakultas Teknologi Informasi dan Komunikasi (FTIK)|Sistem Informasi|52100KS1412042014B|KS141204 - Bahasa Pemrograman B
136|Fakultas Teknologi Informasi dan Komunikasi (FTIK)|Sistem Informasi|Statistika SI|KS141209 - Statistika
137|Fakultas Teknologi Informasi dan Komunikasi (FTIK)|Sistem Informasi|52100KS1413032014C|KS141303 - Dasar-Dasar Pengembangan Perangkat Lunak C
138|Fakultas Teknologi Informasi dan Komunikasi (FTIK)|Sistem Informasi|Pengantar Basis Data|KS141304 - Pengantar Basis Data
139|Fakultas Teknologi Informasi dan Komunikasi (FTIK)|Sistem Informasi|52100KS1413052014A|KS141305 - Pemrograman Berbasis Objek A
140|Fakultas Teknologi Informasi dan Komunikasi (FTIK)|Sistem Informasi|Riset Operasi|KS141313 - Riset Operasi
141|Fakultas Teknologi Informasi dan Komunikasi (FTIK)|Sistem Informasi|Simulasi Sistem|KS141314 - Simulasi Sistem
142|Fakultas Teknologi Informasi dan Komunikasi (FTIK)|Sistem Informasi|Perencanaan Sumber Daya Perusahaan-MW|KS141315 - Perencanaan Sumber Daya Perusahaan
143|Fakultas Teknologi Informasi dan Komunikasi (FTIK)|Sistem Informasi|Tata Kelola TI|KS141316 - Tata Kelola TI
144|Fakultas Teknologi Informasi dan Komunikasi (FTIK)|Sistem Informasi|Kecerdasan Bisnis|KS141324 - Kecerdasan Bisnis
145|Fakultas Teknologi Informasi dan Komunikasi (FTIK)|Sistem Informasi|Etika Profesi SI|KS141324 - Etika Profesi SI
146|Fakultas Teknologi Informasi dan Komunikasi (FTIK)|Sistem Informasi|52100KS1413262014E|KS141326 - Perencanaan Strategis SI/TI E
147|Fakultas Teknologi Informasi dan Komunikasi (FTIK)|Sistem Informasi|Sistem Pendukung Keputusan_2|KS141401 - Sistem Pendukung Keputusan
148|Fakultas Teknologi Informasi dan Komunikasi (FTIK)|Sistem Informasi|52100KS1414122014_|KS141412 - Perencanaan Keberlangsungan Bisnis
149|Fakultas Teknologi Informasi dan Komunikasi (FTIK)|Sistem Informasi|52100KS1414142014_|KS141414 - IS Audit
150|Fakultas Teknologi Informasi dan Komunikasi (FTIK)|Sistem Informasi|Pemrograman Integratif|KS141407 - Pemrograman Integratif
151|Fakultas Teknologi Informasi dan Komunikasi (FTIK)|Sistem Informasi|52100KS1414092014_|KS141409 - e-Business
152|Fakultas Teknologi Informasi dan Komunikasi (FTIK)|Sistem Informasi|Manajemen Pengadaan dan Investasi TI|KS141318 - Manajemen Pengadaan dan Investasi TI
153|Fakultas Teknologi Informasi dan Komunikasi (FTIK)|Sistem Informasi|Manajemen Resiko TI_1|KS141318 - Manajemen Resiko TI
154|Fakultas Teknologi Informasi dan Komunikasi (FTIK)|Sistem Informasi|Manajemen dan Administrasi Basis Data|KS141321 - Manajemen dan Administrasi Basis Data_lama
155|Fakultas Teknologi Industri (FTI)|Teknik Mesin|Pengukuran Presisi|Pengukuran Presisi
156|Fakultas Teknologi Informasi dan Komunikasi (FTIK)|Sistem Informasi|Interaksi Manusia dan Komputer_RP|KS141307 - Interaksi Manusia dan Komputer
157|Fakultas Teknologi Informasi dan Komunikasi (FTIK)|Sistem Informasi|MRTI|KS141318 - Manajemen Resiko TI
158|Fakultas Teknologi Informasi dan Komunikasi (FTIK)|Sistem Informasi|DBD|KS141309 - Desain Basis Data
159|Fakultas Teknologi Informasi dan Komunikasi (FTIK)|Sistem Informasi|PSO|KS141206 - Pengantar Sistem Operasi
160|Fakultas Teknologi Informasi dan Komunikasi (FTIK)|Sistem Informasi|ASP|KS141207 - Arsitektur SI/TI Perusahaan A, B & D
161|Fakultas Teknologi Informasi dan Komunikasi (FTIK)|Sistem Informasi|KPPL|KS141311 - Konstruksi dan Pengujian Perangkat Lunak
162|Fakultas Teknologi Informasi dan Komunikasi (FTIK)|Sistem Informasi|52100KS1414102014_|KS141410 - Komputasi Berpusat pada Manusia
163|Fakultas Teknologi Informasi dan Komunikasi (FTIK)|Sistem Informasi|MABD|KS141321 - Manajemen dan Administrasi Basis Data
164|Fakultas Teknologi Informasi dan Komunikasi (FTIK)|Sistem Informasi|ADPL|KS141306 - Analisis dan Desain Perangkat Lunak
165|Fakultas Teknologi Informasi dan Komunikasi (FTIK)|Sistem Informasi|IMK|KS141307 - Interaksi Manusia dan Komputer
166|Fakultas Teknologi Informasi dan Komunikasi (FTIK)|Sistem Informasi|PBW|KS141310 - Pemrograman Berbasis Web
167|Fakultas Teknologi Informasi dan Komunikasi (FTIK)|Sistem Informasi|52100KS1413172014|KS141317 - Tata Kelola TI
168|Fakultas Teknologi Informasi dan Komunikasi (FTIK)|Sistem Informasi|TTI|KS141210 - Tata Tulis Ilmiah
169|Fakultas Teknologi Informasi dan Komunikasi (FTIK)|Sistem Informasi|52100KS1414032014_|KS141403 - Riset Operasi Lanjut
170|Fakultas Teknologi Informasi dan Komunikasi (FTIK)|Sistem Informasi|52100KS1414112014_|KS141411 - Forensika Digital
171|Fakultas Teknologi Informasi dan Komunikasi (FTIK)|Sistem Informasi|52100KS1414062014_|KS141406 - Integrasi Aplikasi Korporasi
172|Fakultas Teknologi Informasi dan Komunikasi (FTIK)|Sistem Informasi|PKETI|KS141323 - Pengukuran Kinerja dan Evaluasi TI D & E
173|Fakultas Teknologi Informasi dan Komunikasi (FTIK)|Sistem Informasi|52100KS1413252014C|KS141325 - Etika Profesi SI C
174|Fakultas Teknologi Informasi dan Komunikasi (FTIK)|Sistem Informasi|DAM|KS141321 - Database Administration & Management [English]
175|Fakultas Teknologi Informasi dan Komunikasi (FTIK)|Sistem Informasi|52201KS1424032014_|KS142403 - Topik Dalam Sistem Korporasi
176|Fakultas Teknologi Industri (FTI)|Teknik Mesin|21100TM1413532014E|TM141353 - Mekanika Getaran E
177|Fakultas Teknologi Industri (FTI)|Teknik Mesin|21100TM1413522014C|TM141352 - Sistem Dinamis dan Pengendalian C
178|Fakultas Teknologi Informasi dan Komunikasi (FTIK)|Sistem Informasi|52100KS1413032014A|KS141303 - Dasar Dasar Pengembangan Perangkat Lunak A
179|Fakultas Teknologi Informasi dan Komunikasi (FTIK)|Sistem Informasi|52201KS1423012014_|KS142301 - Manajemen Proyek dan Perubahan
180|Fakultas Teknologi Informasi dan Komunikasi (FTIK)|Sistem Informasi|52201KS1423032014_|KS142303 - Jaringan dan Telekomunikasi Bisnis
181|Fakultas Teknologi Informasi dan Komunikasi (FTIK)|Sistem Informasi|52201KS1423022014_|KS142302 - Manajemen Kebutuhan Perangkat Lunak
182|Fakultas Teknologi Informasi dan Komunikasi (FTIK)|Sistem Informasi|52201KS1423042014|KS142304 - Sistem Manajemen Basis Data
183|Fakultas Teknologi Informasi dan Komunikasi (FTIK)|Sistem Informasi|52201KS1424092014_|KS142409 - Topik dalam Adopsi Teknologi Informasi
184|Fakultas Teknologi Informasi dan Komunikasi (FTIK)|Sistem Informasi|52201KS1424052014_|KS142405 - Topik dalam Pengembangan Sistem Tertanam
185|Fakultas Teknologi Informasi dan Komunikasi (FTIK)|Sistem Informasi|52201KS1424082014_|KS142408 - Topik dalam Pengukuran Kinerja Teknologi Informasi
186|Fakultas Teknologi Informasi dan Komunikasi (FTIK)|Sistem Informasi|52201KS1424062014_|KS142406 - Topik dalam Keamanan Sistem dan Jaringan
187|Fakultas Teknologi Kelautan (FTK)|Teknik Perkapalan|Konskap I|KONSTRUKSI KAPAL I
188|Pusat Pengembangan Pendidikan & Akt. Instruksional (P3AI)|WORKSHOP Pengembangan Mata Kuliah Daring (SHARE-ITS) 24-25 NOPEMBER 2015|CB|MK08-COBA
189|Pusat Pengembangan Pendidikan & Akt. Instruksional (P3AI)|WORKSHOP Pengembangan Mata Kuliah Daring (SHARE-ITS) 24-25 NOPEMBER 2015|TK141472|Bioteknologi
190|Fakultas Teknologi Kelautan (FTK)|Teknik Perkapalan|KONSKAP II|KONSTRUKSI KAPAL II
191|Fakultas Teknologi Elektro (FTE)|Teknik Elektro|TE1111|TE1111 Pengantar Teknik Elektro
192|Fakultas Teknologi Informasi dan Komunikasi (FTIK)|Informatika|KI141319|Perancangan dan Analisis Algoritma II
193|Fakultas Teknologi Informasi dan Komunikasi (FTIK)|Informatika|KI141326B|Interaksi Manusia dan Komputer (B)
194|Fakultas Teknologi Industri (FTI)|Teknik Fisika|SUMSA|Soal Ujian MK Syamsul Arifin
195|Fakultas Teknologi Industri (FTI)|Teknik Mesin|TM141352-Sisdin|Sistem Dinamis dan Pengendalian
196|Fakultas Teknologi Industri (FTI)|Teknik Mesin|TM141344|Proses Manufaktur 1
197|Fakultas Teknologi Industri (FTI)|Teknik Mesin|TM141494|Sistem Kontrol Linear
198|Fakultas Teknologi Informasi dan Komunikasi (FTIK)|Sistem Informasi|52201KS1423072014_|KS142307 - Metodologi Penelitian Sistem Informasi
199|Fakultas Teknologi Informasi dan Komunikasi (FTIK)|Sistem Informasi|52201KS1423052014_|KS142305 - Teknik Analisis Sebab Akibat dan Pemodelan Persamaan Terstruktur
200|Fakultas Teknologi Informasi dan Komunikasi (FTIK)|Sistem Informasi|52201KS1424012014_|KS142401 - Topik dalam Penggalian Data
201|Fakultas Teknologi Informasi dan Komunikasi (FTIK)|Sistem Informasi|52201KS1424072014_|KS142407 Topik Dalam Tata Kelola Teknologi Informasi
202|Fakultas Teknologi Informasi dan Komunikasi (FTIK)|Sistem Informasi|ASP_C|KS141207 - Arsitektur SI/TI Perusahaan C- ES
203|Fakultas Matematika, Komputasi dan Sains Data (FMKSD)|Matematika|ADMIN|Admin- BLOG ENTRIES ->>> PENGUMUMAN MHS
204|Fakultas Teknologi Informasi dan Komunikasi (FTIK)|Informatika|PAA|Perancangan dan Analisis Algoritma
205|Fakultas Teknologi Informasi dan Komunikasi (FTIK)|Informatika|pdama|Perancangan dan Analisis Algoritma
206|Fakultas Teknik Sipil, Lingkungan, dan Kebumian (FTSLK)|Teknik Lingkungan|RE141374 A|RE141374 Perencanaan Tempat Pemrosesan Akhir Sampah A
207|Fakultas Teknik Sipil, Lingkungan, dan Kebumian (FTSLK)|Teknik Lingkungan|RE141371 A|RE141371 Pengelolaan Limbah B3 A
208|Fakultas Teknik Sipil, Lingkungan, dan Kebumian (FTSLK)|Teknik Lingkungan|RE141372 A|RE141372 AMDAL A
209|Fakultas Teknik Sipil, Lingkungan, dan Kebumian (FTSLK)|Teknik Lingkungan|RE141373 A|RE141373 Perencanaan Bangunan Pengolahan Air Limbah Terpusat A
210|Fakultas Teknik Sipil, Lingkungan, dan Kebumian (FTSLK)|Teknik Lingkungan|RE141373 B|RE141373 Perencanaan Bangunan Pengolahan Air Limbah Terpusat B
211|Fakultas Teknik Sipil, Lingkungan, dan Kebumian (FTSLK)|Teknik Lingkungan|RE141373 C|RE141373 Perencanaan Bangunan Pengolahan Air Limbah Terpusat C
212|Fakultas Teknik Sipil, Lingkungan, dan Kebumian (FTSLK)|Teknik Lingkungan|RE141374 B|RE141374 Perencanaan Tempat Pemrosesan Akhir Sampah B
213|Fakultas Teknik Sipil, Lingkungan, dan Kebumian (FTSLK)|Teknik Lingkungan|RE141374 C|RE141374 Perencanaan Tempat Pemrosesan Akhir Sampah Q
214|Fakultas Teknik Sipil, Lingkungan, dan Kebumian (FTSLK)|Teknik Lingkungan|RE141305|RE141305 Pengolahan Lumpur
215|Fakultas Teknik Sipil, Lingkungan, dan Kebumian (FTSLK)|Teknik Lingkungan|RE141313|RE141313 Sanitasi Berbasis Masyarakat
216|Fakultas Teknik Sipil, Lingkungan, dan Kebumian (FTSLK)|Teknik Lingkungan|RE141408|RE141408 Biomonitoring Kualitas Lingkungan
217|Fakultas Teknik Sipil, Lingkungan, dan Kebumian (FTSLK)|Teknik Lingkungan|RE144416 S1|RE144416 Inventarisasi Emisi
218|Fakultas Teknik Sipil, Lingkungan, dan Kebumian (FTSLK)|Teknik Lingkungan|?RE141361A|?RE141361 Metodologi Penelitian A
219|Fakultas Teknik Sipil, Lingkungan, dan Kebumian (FTSLK)|Teknik Lingkungan|RE141361 B|RE141361 Metodologi Penelitian B
220|Fakultas Teknik Sipil, Lingkungan, dan Kebumian (FTSLK)|Teknik Lingkungan|RE141361 C|RE141361 Metodologi Penelitian C
221|Fakultas Teknologi Industri (FTI)|Teknik Mesin|TM141314|PENGENDALIAN OTOMATIS (S1-LJ)
222|Fakultas Teknologi Industri (FTI)|Teknik Mesin|21100TM1413522014Y|TM141352 - SISTEM DINAMIK DAN PENGENDALIAN Y
223|Fakultas Teknologi Industri (FTI)|Teknik Mesin|TM141352C|SISTEM DINAMIK DAN PENGENDALIAN (S1)
224|Fakultas Teknologi Industri (FTI)|Teknik Mesin|TM141494B|SISTEM PENGENDALIAN LINEAR (S1)
225|Fakultas Teknologi Industri (FTI)|Teknik Mesin|TM141463|MOULD DESIGN (S1)
226|Fakultas Teknologi Informasi dan Komunikasi (FTIK)|Sistem Informasi|52201KS1424042014_|KS142404 - Topik Dalam Pengembangan Arsitektur Berbasis Layanan
227|Fakultas Teknik Sipil, Lingkungan, dan Kebumian (FTSLK)|Teknik Geomatika|Analisa Citra Satelit Penginderaan Jauh|RG142307 - Analisa Citra Satelit Penginderaan Jauh
228|Fakultas Vokasi (F Vok.)|Teknik Instrumentasi|TF145211|Fisika Terapan
229|Fakultas Teknologi Industri (FTI)|Teknik Mesin|TM141432|TM141432 Dinamika Kendaraan dan Pengendalian
230|Fakultas Teknologi Informasi dan Komunikasi (FTIK)|Sistem Informasi|52100KS1412052014B2017|KS141205 - Algoritma dan Struktur Data _2017
231|Fakultas Teknologi Informasi dan Komunikasi (FTIK)|Sistem Informasi|52100KS1412052014E2017|KS141205 - Algoritma dan Struktur Data_2017
232|Fakultas Teknologi Informasi dan Komunikasi (FTIK)|Sistem Informasi|52100KS1412062014E|KS141206 - Pengantar Sistem Operasi E
233|Fakultas Teknologi Informasi dan Komunikasi (FTIK)|Sistem Informasi|52100KS1413172014A|KS141317 - Tata Kelola TI A
234|Fakultas Teknologi Informasi dan Komunikasi (FTIK)|Sistem Informasi|52100KS1412072014E|KS141207 - Arsitektur SI/TI Perusahaan E
235|Fakultas Teknologi Informasi dan Komunikasi (FTIK)|Sistem Informasi|52100KS1413172014B|KS141317 - Tata Kelola TI B
236|Fakultas Teknologi Informasi dan Komunikasi (FTIK)|Sistem Informasi|52100KS1413172014D|KS141317 - Tata Kelola TI D
237|Fakultas Teknologi Informasi dan Komunikasi (FTIK)|Sistem Informasi|52100KS1413062014E|KS141306 - Analisis dan Desain Perangkat Lunak B (TE)
238|Fakultas Teknologi Informasi dan Komunikasi (FTIK)|Sistem Informasi|52100KS1413172014E|KS141317 - Tata Kelola TI E
239|Fakultas Teknologi Informasi dan Komunikasi (FTIK)|Sistem Informasi|52100KS1413182014|KS141318 - Manajemen Resiko TI
240|Fakultas Teknologi Informasi dan Komunikasi (FTIK)|Sistem Informasi|52100KS1413072014E|KS141307 - Interaksi Manusia dan Komputer E
241|Fakultas Teknologi Informasi dan Komunikasi (FTIK)|Sistem Informasi|52100KS1413082014A|KS141308 - Keamanan Aset Informasi A
242|Fakultas Teknologi Informasi dan Komunikasi (FTIK)|Sistem Informasi|52100KS1413082014B|KS141308 - Keamanan Aset Informasi B
243|Fakultas Teknologi Informasi dan Komunikasi (FTIK)|Sistem Informasi|52100KS1413082014C|KS141308 - Keamanan Aset Informasi C
244|Fakultas Teknologi Informasi dan Komunikasi (FTIK)|Sistem Informasi|52100KS1413082014D|KS141308 - Keamanan Aset Informasi D
245|Fakultas Teknologi Informasi dan Komunikasi (FTIK)|Sistem Informasi|52100KS1413192014D|KS141319 - Manajemen Pengadaan dan Investasi TI D
246|Fakultas Teknologi Informasi dan Komunikasi (FTIK)|Sistem Informasi|52100KS1413192014E|KS141319 - Manajemen Pengadaan dan Investasi TI E
247|Fakultas Teknologi Informasi dan Komunikasi (FTIK)|Sistem Informasi|52100KS1413082014E|KS141308 - Keamanan Aset Informasi E
248|Fakultas Teknologi Informasi dan Komunikasi (FTIK)|Sistem Informasi|52100KS1413202014B|KS141320 - Manajemen Rantai Pasok dan Hubungan Pelanggan B
249|Fakultas Teknologi Informasi dan Komunikasi (FTIK)|Sistem Informasi|52100KS1413092014E|KS141309 - Desain Basis Data E
250|Fakultas Teknologi Informasi dan Komunikasi (FTIK)|Sistem Informasi|52100KS1413212014A|KS141321 - Manajemen dan Administrasi Basis Data A
251|Fakultas Teknologi Informasi dan Komunikasi (FTIK)|Sistem Informasi|52100KS1413212014B|KS141321 - Manajemen dan Administrasi Basis Data B
252|Fakultas Teknologi Informasi dan Komunikasi (FTIK)|Sistem Informasi|52100KS1413212014C|KS141321 - Manajemen dan Administrasi Basis Data C
253|Fakultas Teknologi Informasi dan Komunikasi (FTIK)|Sistem Informasi|52100KS1413212014D|KS141321 - Manajemen dan Administrasi Basis Data D
254|Fakultas Teknologi Informasi dan Komunikasi (FTIK)|Sistem Informasi|52100KS1413212014E|KS141321 - Manajemen dan Administrasi Basis Data E
255|Fakultas Teknologi Informasi dan Komunikasi (FTIK)|Sistem Informasi|52100KS1413102014E|KS141310 - Pemrograman Berbasis Web E
256|Fakultas Teknologi Informasi dan Komunikasi (FTIK)|Sistem Informasi|52100KS1413222014A|KS141322 - Sistem Cerdas A
257|Fakultas Teknologi Informasi dan Komunikasi (FTIK)|Sistem Informasi|52100KS1413222014B|KS141322 - Sistem Cerdas B
258|Fakultas Teknologi Informasi dan Komunikasi (FTIK)|Sistem Informasi|52100KS1413222014D|KS141322 - Sistem Cerdas D
259|Fakultas Teknologi Informasi dan Komunikasi (FTIK)|Sistem Informasi|52100KS1413222014E|KS141322 - Sistem Cerdas E
260|Fakultas Teknologi Informasi dan Komunikasi (FTIK)|Sistem Informasi|52100KS1412102014E|KS141210 - Tata Tulis Ilmiah E
261|Fakultas Teknologi Informasi dan Komunikasi (FTIK)|Informatika|KI141319d|Perancangan dan Analisis Algoritma II (D)
262|Fakultas Teknologi Informasi dan Komunikasi (FTIK)|Informatika|KI141326F|Interaksi Manusia dan Komputer (F)
263|Fakultas Teknik Sipil, Lingkungan, dan Kebumian (FTSLK)|Teknik Lingkungan|RE141321|RE141321 Kimia Lingkungan 2
264|Fakultas Teknik Sipil, Lingkungan, dan Kebumian (FTSLK)|Teknik Lingkungan|RE141372 B|RE141372 AMDAL B
265|Fakultas Teknik Sipil, Lingkungan, dan Kebumian (FTSLK)|Teknik Lingkungan|RE141372 C|RE141372 AMDAL C
266|Fakultas Teknologi Informasi dan Komunikasi (FTIK)|Sistem Informasi|Manajemen dan Organisasi SI C|KS141201 - Manajemen dan Organisasi C
267|Fakultas Teknologi Informasi dan Komunikasi (FTIK)|Sistem Informasi|52100KS1412012014A|KS141201 - Manajemen dan Organisasi A
268|Fakultas Teknologi Informasi dan Komunikasi (FTIK)|Sistem Informasi|52100KS1412012014D|KS141201 - Manajemen dan Organisasi D
269|Fakultas Teknologi Informasi dan Komunikasi (FTIK)|Sistem Informasi|52100KS1412032014D|KS141203 - Matematika Diskrit D
270|Fakultas Teknologi Informasi dan Komunikasi (FTIK)|Sistem Informasi|52100KS1412032014C|KS141203 - Matematika Diskrit C
271|Fakultas Teknologi Informasi dan Komunikasi (FTIK)|Sistem Informasi|52100KS1412032014B|KS141203 - Matematika Diskrit B
272|Fakultas Teknologi Informasi dan Komunikasi (FTIK)|Sistem Informasi|52100KS1412042014A|KS141204 - Bahasa Pemrograman A
273|Fakultas Teknologi Informasi dan Komunikasi (FTIK)|Sistem Informasi|52100KS1412042014C|KS141204 - Bahasa Pemrograman C
274|Fakultas Teknologi Informasi dan Komunikasi (FTIK)|Sistem Informasi|52100KS1413232014A|KS141323 - Pengukuran Kinerja dan Evaluasi TI A
275|Fakultas Teknologi Informasi dan Komunikasi (FTIK)|Sistem Informasi|52100KS1413232014B|KS141323 - Pengukuran Kinerja dan Evaluasi TI B
276|Fakultas Teknologi Informasi dan Komunikasi (FTIK)|Sistem Informasi|KS141323C|KS141323 - Pengukuran Kinerja dan Evaluasi TI C
277|Fakultas Teknologi Informasi dan Komunikasi (FTIK)|Sistem Informasi|52100KS1412022014B|KS141202 - Sistem dan Teknologi Informasi B
278|Fakultas Teknologi Informasi dan Komunikasi (FTIK)|Sistem Informasi|52100KS1412022014D|KS141202 - Sistem dan Teknologi Informasi D
279|Fakultas Teknologi Informasi dan Komunikasi (FTIK)|Sistem Informasi|52100KS141202 2014C|KS141202 - Sistem dan Teknologi Informasi C
280|Fakultas Teknologi Informasi dan Komunikasi (FTIK)|Sistem Informasi|52100KS1413012014A|KS141301 - Desain dan Manajemen Proses Bisnis A
281|Fakultas Teknologi Informasi dan Komunikasi (FTIK)|Sistem Informasi|52100KS1413012014B|KS141301 - Desain dan Manajemen Proses Bisnis B
282|Fakultas Teknologi Informasi dan Komunikasi (FTIK)|Sistem Informasi|52100KS1413012014C|KS141301 - Desain dan Manajemen Proses Bisnis C
283|Fakultas Teknologi Informasi dan Komunikasi (FTIK)|Sistem Informasi|52100KS1413012014D|KS141301 - Desain dan Manajemen Proses Bisnis D
284|Fakultas Teknologi Informasi dan Komunikasi (FTIK)|Sistem Informasi|52100KS1413022014A|KS141302 - Desain dan Manajemen Jaringan Komputer A
285|Fakultas Teknologi Informasi dan Komunikasi (FTIK)|Sistem Informasi|52100KS1413022014B|KS141302 - Desain dan Manajemen Jaringan Komputer B
286|Fakultas Teknologi Informasi dan Komunikasi (FTIK)|Sistem Informasi|52100KS1413022014C|KS141302 - Desain dan Manajemen Jaringan Komputer C
287|Fakultas Teknologi Informasi dan Komunikasi (FTIK)|Sistem Informasi|52100KS1413022014D|KS141302 - Desain dan Manajemen Jaringan Komputer D
288|Fakultas Teknologi Informasi dan Komunikasi (FTIK)|Sistem Informasi|52100KS1413032014B|KS141303 - Dasar-Dasar Pengembangan Perangkat Lunak B
289|Fakultas Teknologi Informasi dan Komunikasi (FTIK)|Sistem Informasi|52100KS1413042014A|KS141304 - Pengantar Basis Data A
290|Fakultas Teknologi Informasi dan Komunikasi (FTIK)|Sistem Informasi|52100KS1413042014B|KS141304 - Pengantar Basis Data B
291|Fakultas Teknologi Informasi dan Komunikasi (FTIK)|Sistem Informasi|52100KS1413042014C|KS141304 - Pengantar Basis Data C
292|Fakultas Teknologi Informasi dan Komunikasi (FTIK)|Sistem Informasi|52100KS1413042014D|KS141304 - Pengantar Basis Data D
293|Fakultas Teknologi Informasi dan Komunikasi (FTIK)|Sistem Informasi|52100KS1413052014B|KS141305 - Pemrograman Berbasis Objek B
294|Fakultas Teknologi Informasi dan Komunikasi (FTIK)|Sistem Informasi|52100KS1413052014C|KS141305 - Pemrograman Berbasis Objek C
295|Fakultas Teknologi Informasi dan Komunikasi (FTIK)|Sistem Informasi|52100KS1413052014D|KS141305 - Pemrograman Berbasis Objek D
296|Fakultas Teknologi Informasi dan Komunikasi (FTIK)|Sistem Informasi|52100KS1413112014B|KS141311 - Konstruksi dan Pengujian Perangkat Lunak B
297|Fakultas Teknologi Informasi dan Komunikasi (FTIK)|Sistem Informasi|52100KS1413112014C|KS141311 - Konstruksi dan Pengujian Perangkat Lunak C
298|Fakultas Teknologi Informasi dan Komunikasi (FTIK)|Sistem Informasi|52100KS1413112014D|KS141311 - Konstruksi dan Pengujian Perangkat Lunak D
299|Fakultas Teknologi Informasi dan Komunikasi (FTIK)|Sistem Informasi|52100KS1413122014A|KS141312 - Manajemen Proyek TI A
300|Fakultas Teknologi Informasi dan Komunikasi (FTIK)|Sistem Informasi|52100KS1413122014B|KS141312 - Manajemen Proyek TI B
301|Fakultas Teknologi Industri (FTI)|Teknik Mesin|EM1|Elemen Mesin I
302|Fakultas Teknologi Industri (FTI)|Teknik Mesin|EM2|Elemen Mesin II
303|Fakultas Teknologi Informasi dan Komunikasi (FTIK)|Sistem Informasi|52100KS1413132014A|KS141313 - Riset Operasi A
304|Fakultas Teknologi Informasi dan Komunikasi (FTIK)|Sistem Informasi|52100KS1413132014B|KS141313 - Riset Operasi B
305|Fakultas Teknologi Informasi dan Komunikasi (FTIK)|Sistem Informasi|52100KS1413132014C|KS141313 - Riset Operasi C
306|Fakultas Teknologi Informasi dan Komunikasi (FTIK)|Sistem Informasi|52100KS1413142014A|KS141314 - Simulasi Sistem A
307|Fakultas Teknologi Industri (FTI)|Teknik Mesin|TM141334|Mekanika Kekuatan Material
308|Fakultas Teknologi Informasi dan Komunikasi (FTIK)|Sistem Informasi|52100KS1413142014B|KS141314 - Simulasi Sistem B
309|Fakultas Teknologi Informasi dan Komunikasi (FTIK)|Sistem Informasi|52100KS1413142014C|KS141314 - Simulasi Sistem C
310|Fakultas Teknologi Informasi dan Komunikasi (FTIK)|Sistem Informasi|52100KS141315A|KS141315 - Perencanaan Sumber Daya Perusahaan A
311|Fakultas Teknologi Informasi dan Komunikasi (FTIK)|Sistem Informasi|52100KS1413142015B|KS141315 - Perencanaan Sumber Daya Perusahaan B
312|Fakultas Teknologi Industri (FTI)|Teknik Mesin|TM141424|Pesawat Pemindah Bahan
313|Fakultas Teknologi Industri (FTI)|Teknik Mesin|21100TM1413352014A|TM141335 - Kinematika Mekanisme A
314|Fakultas Teknologi Informasi dan Komunikasi (FTIK)|Sistem Informasi|52100KS1413152014C|KS141315 - Perencanaan Sumber Daya Perusahaan C
315|Fakultas Teknologi Industri (FTI)|Teknik Mesin|21100TM1413262014C|TM141326 - STATIKA C
316|Fakultas Teknologi Informasi dan Komunikasi (FTIK)|Sistem Informasi|52100KS1413152014D|KS141315 - Perencanaan Sumber Daya Perusahaan D
317|Fakultas Teknologi Informasi dan Komunikasi (FTIK)|Sistem Informasi|52100KS1413162014B|KS141316 - Manajemen Layanan TI B
318|Fakultas Teknologi Informasi dan Komunikasi (FTIK)|Sistem Informasi|52100KS1413162014C|KS141316 - Manajemen Layanan TI C
319|Fakultas Teknologi Informasi dan Komunikasi (FTIK)|Sistem Informasi|52100KS1413162014D|KS141316 - Manajemen Layanan TI D
320|Fakultas Teknologi Informasi dan Komunikasi (FTIK)|Sistem Informasi|52100KS1412102014_|KS141210 - Tata Tulis Ilmiah
321|Fakultas Teknologi Informasi dan Komunikasi (FTIK)|Sistem Informasi|52100KS1413262014D|KS141326 - Perencanaan Strategis SI/TI D
322|Fakultas Teknologi Informasi dan Komunikasi (FTIK)|Sistem Informasi|52100KS141324A|KS141324 - Kecerdasan Bisnis A
323|Fakultas Teknologi Informasi dan Komunikasi (FTIK)|Sistem Informasi|52100KS141324B|KS141324 - Kecerdasan Bisnis B
324|Fakultas Teknologi Informasi dan Komunikasi (FTIK)|Sistem Informasi|52100KS1413242014C|KS141324 - Kecerdasan Bisnis C
325|Fakultas Teknologi Informasi dan Komunikasi (FTIK)|Sistem Informasi|52100KS1413242014D|KS141324 - Kecerdasan Bisnis D
326|Fakultas Teknologi Informasi dan Komunikasi (FTIK)|Sistem Informasi|52100KS1413242014E|KS141324 - Kecerdasan Bisnis E
327|Fakultas Teknologi Informasi dan Komunikasi (FTIK)|Sistem Informasi|52100KS1414142014|KS141414 - Audit SI
328|Fakultas Teknologi Industri (FTI)|Teknik Mesin|21100TM141494A|TM141494 Sistem Pengendalian Linear A
329|Fakultas Vokasi (F Vok.)|none|sb12345|Enny Zulaika
330|Fakultas Vokasi (F Vok.)|none|bio12345|Nova Maulidina
331|Fakultas Vokasi (F Vok.)|none|bio23456|awik puji
332|Fakultas Vokasi (F Vok.)|none|sb123456|Farid Kamal Muzaki
333|Fakultas Vokasi (F Vok.)|none|bio34567|nurul jadid
334|Fakultas Vokasi (F Vok.)|none|sb56789|Triono Bagus Saputro
335|Fakultas Vokasi (F Vok.)|none|bio45678|edwin setiawan
336|Fakultas Vokasi (F Vok.)|none|sb1234567|Aunurohim
337|Fakultas Vokasi (F Vok.)|none|bio54321|dewi hidayati
338|Fakultas Vokasi (F Vok.)|none|bio29876|sri nurhatika
339|Fakultas Vokasi (F Vok.)|none|bio98765|iska desmawati
340|Fakultas Vokasi (F Vok.)|none|bio76543|noor nailis sa'adah
341|Fakultas Vokasi (F Vok.)|none|sb654321|Kristanti Indah Purwani
342|Fakultas Vokasi (F Vok.)|none|sb111222333|Wirdhatul Muslihatin
343|Fakultas Vokasi (F Vok.)|none|sb23131|Dini Ermavitalini
344|Fakultas Vokasi (F Vok.)|none|bio78654|maya shovitri
345|Fakultas Vokasi (F Vok.)|none|sb1233445|Nur Hidayatul Alami
346|Fakultas Teknologi Industri (FTI)|Teknik Mesin|TM141316|PENGANTAR TEKNIK MESIN
347|Fakultas Teknologi Industri (FTI)|Teknik Mesin|TM141324|PROGRAM KOMPUTER
348|Fakultas Teknologi Industri (FTI)|Teknik Mesin|TM141325|MENGGAMBAR MESIN
349|Fakultas Teknologi Industri (FTI)|Teknik Mesin|TM141231|Matematika Rekayasa
350|Fakultas Teknik Sipil, Lingkungan, dan Kebumian (FTSLK)|Teknik Geofisika|FR141306|Fisika Batuan
351|Fakultas Teknik Sipil, Lingkungan, dan Kebumian (FTSLK)|Teknik Geofisika|RF141303|Geofisika Matematika I
352|Fakultas Teknik Sipil, Lingkungan, dan Kebumian (FTSLK)|Teknik Geofisika|RF141307|Geofisika Matematika II
353|Fakultas Teknik Sipil, Lingkungan, dan Kebumian (FTSLK)|Teknik Geofisika|RF141202|Sistem Informasi Geografis
354|Fakultas Teknik Sipil, Lingkungan, dan Kebumian (FTSLK)|Teknik Geofisika|RF141311|Termodinamika
355|Fakultas Teknik Sipil, Lingkungan, dan Kebumian (FTSLK)|Teknik Geofisika|RF141403|Manajemen Eksplorasi
356|Fakultas Teknik Sipil, Lingkungan, dan Kebumian (FTSLK)|Teknik Geofisika|RF141314|Eksplorasi Seismik
357|Fakultas Teknik Sipil, Lingkungan, dan Kebumian (FTSLK)|Teknik Geofisika|RF141313|Eksplorasi Geolistrik
358|Fakultas Teknik Sipil, Lingkungan, dan Kebumian (FTSLK)|Teknik Geofisika|RF141312|Analisa Data Digital Geofisika
359|Fakultas Teknik Sipil, Lingkungan, dan Kebumian (FTSLK)|Teknik Geofisika|RF141408|Akuisisi dan Pengolahan Data Seismik
360|Fakultas Teknik Sipil, Lingkungan, dan Kebumian (FTSLK)|Teknik Geofisika|RF141406|Eksplorasi Air Tanah
361|Fakultas Teknik Sipil, Lingkungan, dan Kebumian (FTSLK)|Teknik Geofisika|RF141315|Metoda Inversi
362|Fakultas Teknik Sipil, Lingkungan, dan Kebumian (FTSLK)|Teknik Geofisika|RF141321|Kapita Selekta I
363|Fakultas Teknik Sipil, Lingkungan, dan Kebumian (FTSLK)|Teknik Geofisika|RF141411|Interpretasi Data Seismik
364|Fakultas Teknik Sipil, Lingkungan, dan Kebumian (FTSLK)|Teknik Geofisika|FR141323|Geotomografi
365|Fakultas Teknologi Industri (FTI)|Teknik Mesin|21100TM1413452014Y|TM141345 - ELEMEN MESIN 1 Y
366|Fakultas Teknologi Industri (FTI)|Teknik Mesin|TM141347 (A)|METALURGI II (A)
367|Fakultas Teknologi Industri (FTI)|Teknik Mesin|21100TM1413252014Y|TM141325 - MENGGAMBAR MESIN Y
368|Fakultas Teknologi Industri (FTI)|Teknik Mesin|21100TM14133620014A|TM141336 - METALURGI I A
369|Fakultas Teknologi Industri (FTI)|Teknik Mesin|21100TM1413242014D|TM141324 - Program Komputer D
370|Fakultas Teknologi Industri (FTI)|Teknik Mesin|TM141346|TM141346 Dinamika Teknik D
371|Fakultas Teknologi Industri (FTI)|Teknik Mesin|21100TM1412562014Y|TM141256 - Analisa Numerik Y
372|Fakultas Teknologi Industri (FTI)|Teknik Mesin|21100TM13242014A|TM1324 - Program Komputer A
373|Fakultas Teknologi Industri (FTI)|Teknik Mesin|MMANS|TM141421 - METODE MATRIK UNTUK ANALISA STRUKTUR
374|Fakultas Teknologi Industri (FTI)|Teknik Mesin|21100TM1413322014A|TM141332 - TERMODINAMIKA I A
375|Fakultas Teknologi Industri (FTI)|Teknik Mesin|21100TM1413422014D|TM141342 - TERMODINAMIKA II D
376|Fakultas Teknologi Industri (FTI)|Teknik Mesin|TPBB|TM141451 - TEKNIK PEMBAKARAN DAN BAHAN BAKAR
377|Fakultas Teknologi Industri (FTI)|Teknik Mesin|21100TM1413252014B|TM141325 - MENGGAMBAR MESIN B
378|Fakultas Teknologi Industri (FTI)|Teknik Mesin|21100TM1413622014E|TM141362 - STATISTIK & PERENCANAAN EKSPERIMEN D
379|Fakultas Teknologi Industri (FTI)|Teknik Mesin|21100TM1413412014C|TM141341 - PENGUKURAN TEKNIK C
380|Fakultas Teknologi Industri (FTI)|Teknik Mesin|21100TM1413412014B|TM141341 - PENGUKURAN TEKNIK B
381|Fakultas Teknologi Industri (FTI)|Teknik Mesin|21100TM1413472014D|TM141347 - METALURGI II D
382|Fakultas Teknologi Industri (FTI)|Teknik Mesin|MEKPAT|TM141489 - MEKANIKA PATAHAN
383|Fakultas Teknologi Industri (FTI)|Teknik Mesin|21100TM1413342014A|TM141334 - MEKANIKA KEKUATAN MATERIAL A
384|Fakultas Teknologi Industri (FTI)|Teknik Mesin|21100TM1413262014A|TM141326 - STATIKA A
385|Fakultas Teknologi Industri (FTI)|Teknik Mesin|KONPLC|TM141427 - KONSTRUKSI PLAT DAN CANGKANG
386|Fakultas Teknologi Industri (FTI)|Teknik Industri|25100TI184101B|TI184101-Pengantar Teknik dan Sistem Industri B
387|Fakultas Teknologi Industri (FTI)|Teknik Industri|25100TI184101C|TI184101-Pengantar Teknik dan Sistem Industri C
388|Fakultas Teknologi Industri (FTI)|Teknik Industri|25100TI184101D|TI184101-Pengantar Teknik dan Sistem Industri D
389|Fakultas Teknologi Industri (FTI)|Teknik Industri|241TI185101Q|TI185101-Statistika Industri Lanjut Q
